index,accuracy,f1,time,ansatz,optimizer,featuremap,entanglement,entanglement_featuremap,iterations,preprocessing,number_init
0,0.888,0.8804438666185147,2509.017749786377,<function get_efficientsu2 at 0x7ffa165a3f70>,<function get_cobyla at 0x7ff9e52bcaf0>,<function get_zfeaturemap at 0x7ffa1d716430>,full,,500,pca,0.05
0,0.8,0.7717414677276746,2501.057223558426,<function get_efficientsu2 at 0x7ffa165a3f70>,<function get_cobyla at 0x7ff9e52bcaf0>,<function get_zfeaturemap at 0x7ffa1d716430>,full,,500,pca,0.1
0,0.888,0.8853637535201184,2514.6353373527527,<function get_efficientsu2 at 0x7ffa165a3f70>,<function get_cobyla at 0x7ff9e52bcaf0>,<function get_zfeaturemap at 0x7ffa1d716430>,full,,500,pca,0.15000000000000002
0,0.808,0.7597785575768768,2450.886837720871,<function get_efficientsu2 at 0x7ffa165a3f70>,<function get_cobyla at 0x7ff9e52bcaf0>,<function get_zfeaturemap at 0x7ffa1d716430>,full,,500,pca,0.2
0,0.844,0.8507420653022332,2442.414309024811,<function get_efficientsu2 at 0x7ffa165a3f70>,<function get_cobyla at 0x7ff9e52bcaf0>,<function get_zfeaturemap at 0x7ffa1d716430>,full,,500,pca,0.25
1,0.868,0.8668891082394605,2293.727848291397,<function get_efficientsu2 at 0x7ffa165a3f70>,<function get_cobyla at 0x7ff9e52bcaf0>,<function get_zfeaturemap at 0x7ffa1d716430>,linear,,500,pca,0.05
1,0.868,0.8624975461910591,2306.046147584915,<function get_efficientsu2 at 0x7ffa165a3f70>,<function get_cobyla at 0x7ff9e52bcaf0>,<function get_zfeaturemap at 0x7ffa1d716430>,linear,,500,pca,0.1
1,0.868,0.8606128652823836,2258.7443771362305,<function get_efficientsu2 at 0x7ffa165a3f70>,<function get_cobyla at 0x7ff9e52bcaf0>,<function get_zfeaturemap at 0x7ffa1d716430>,linear,,500,pca,0.15000000000000002
1,0.816,0.8106802193889053,1892.9486997127533,<function get_efficientsu2 at 0x7ffa165a3f70>,<function get_cobyla at 0x7ff9e52bcaf0>,<function get_zfeaturemap at 0x7ffa1d716430>,linear,,411,pca,0.2
1,0.824,0.7892594877023066,2285.6279380321503,<function get_efficientsu2 at 0x7ffa165a3f70>,<function get_cobyla at 0x7ff9e52bcaf0>,<function get_zfeaturemap at 0x7ffa1d716430>,linear,,500,pca,0.25
2,0.636,0.6603803191489361,2198.159743785858,<function get_efficientsu2 at 0x7ffa165a3f70>,<function get_cobyla at 0x7ff9e52bcaf0>,<function get_zfeaturemap at 0x7ffa1d716430>,circular,,471,pca,0.05
2,0.828,0.8349894736842106,2322.545308828354,<function get_efficientsu2 at 0x7ffa165a3f70>,<function get_cobyla at 0x7ff9e52bcaf0>,<function get_zfeaturemap at 0x7ffa1d716430>,circular,,500,pca,0.1
2,0.904,0.9018480346131591,2355.464752674103,<function get_efficientsu2 at 0x7ffa165a3f70>,<function get_cobyla at 0x7ff9e52bcaf0>,<function get_zfeaturemap at 0x7ffa1d716430>,circular,,500,pca,0.15000000000000002
2,0.784,0.7820729517594143,2360.8721718788147,<function get_efficientsu2 at 0x7ffa165a3f70>,<function get_cobyla at 0x7ff9e52bcaf0>,<function get_zfeaturemap at 0x7ffa1d716430>,circular,,500,pca,0.2
2,0.832,0.8445652178274032,2367.9918892383575,<function get_efficientsu2 at 0x7ffa165a3f70>,<function get_cobyla at 0x7ff9e52bcaf0>,<function get_zfeaturemap at 0x7ffa1d716430>,circular,,500,pca,0.25
3,0.88,0.8826398121438286,2164.4614288806915,<function get_efficientsu2 at 0x7ffa165a3f70>,<function get_cobyla at 0x7ff9e52bcaf0>,<function get_zfeaturemap at 0x7ffa1d716430>,sca,,466,pca,0.05
3,0.896,0.9015139359430605,2332.8540592193604,<function get_efficientsu2 at 0x7ffa165a3f70>,<function get_cobyla at 0x7ff9e52bcaf0>,<function get_zfeaturemap at 0x7ffa1d716430>,sca,,500,pca,0.1
3,0.852,0.8596666308284922,2032.8784527778625,<function get_efficientsu2 at 0x7ffa165a3f70>,<function get_cobyla at 0x7ff9e52bcaf0>,<function get_zfeaturemap at 0x7ffa1d716430>,sca,,434,pca,0.15000000000000002
3,0.852,0.8541952474084263,2093.3061425685883,<function get_efficientsu2 at 0x7ffa165a3f70>,<function get_cobyla at 0x7ff9e52bcaf0>,<function get_zfeaturemap at 0x7ffa1d716430>,sca,,452,pca,0.2
3,0.848,0.8309666814377704,2293.9449644088745,<function get_efficientsu2 at 0x7ffa165a3f70>,<function get_cobyla at 0x7ff9e52bcaf0>,<function get_zfeaturemap at 0x7ffa1d716430>,sca,,500,pca,0.25
4,0.712,0.7235306719866328,2852.476772069931,<function get_efficientsu2 at 0x7ffa165a3f70>,<function get_cobyla at 0x7ff9e52bcaf0>,<function get_zzfeaturemap at 0x7ffa1d7164c0>,full,full,381,pca,0.05
4,0.64,0.6450899588216662,2933.115669488907,<function get_efficientsu2 at 0x7ffa165a3f70>,<function get_cobyla at 0x7ff9e52bcaf0>,<function get_zzfeaturemap at 0x7ffa1d7164c0>,full,full,397,pca,0.1
4,0.664,0.6750674304418985,3681.455760240555,<function get_efficientsu2 at 0x7ffa165a3f70>,<function get_cobyla at 0x7ff9e52bcaf0>,<function get_zzfeaturemap at 0x7ffa1d7164c0>,full,full,500,pca,0.15000000000000002
4,0.664,0.6653552869081234,3709.83082818985,<function get_efficientsu2 at 0x7ffa165a3f70>,<function get_cobyla at 0x7ff9e52bcaf0>,<function get_zzfeaturemap at 0x7ffa1d7164c0>,full,full,500,pca,0.2
4,0.656,0.6842708914267446,3335.979300737381,<function get_efficientsu2 at 0x7ffa165a3f70>,<function get_cobyla at 0x7ff9e52bcaf0>,<function get_zzfeaturemap at 0x7ffa1d7164c0>,full,full,449,pca,0.25
5,0.756,0.7571305517404467,2827.340276002884,<function get_efficientsu2 at 0x7ffa165a3f70>,<function get_cobyla at 0x7ff9e52bcaf0>,<function get_zzfeaturemap at 0x7ffa1d7164c0>,full,linear,500,pca,0.05
5,0.74,0.7457542545949625,2496.7153136730194,<function get_efficientsu2 at 0x7ffa165a3f70>,<function get_cobyla at 0x7ff9e52bcaf0>,<function get_zzfeaturemap at 0x7ffa1d7164c0>,full,linear,434,pca,0.1
5,0.8,0.8148638742700599,2450.76798248291,<function get_efficientsu2 at 0x7ffa165a3f70>,<function get_cobyla at 0x7ff9e52bcaf0>,<function get_zzfeaturemap at 0x7ffa1d7164c0>,full,linear,430,pca,0.15000000000000002
5,0.8,0.8163322261720481,2840.050932407379,<function get_efficientsu2 at 0x7ffa165a3f70>,<function get_cobyla at 0x7ff9e52bcaf0>,<function get_zzfeaturemap at 0x7ffa1d7164c0>,full,linear,500,pca,0.2
5,0.716,0.7099586635586635,2601.470301389694,<function get_efficientsu2 at 0x7ffa165a3f70>,<function get_cobyla at 0x7ff9e52bcaf0>,<function get_zzfeaturemap at 0x7ffa1d7164c0>,full,linear,457,pca,0.25
6,0.76,0.7774219972166986,2892.2661216259003,<function get_efficientsu2 at 0x7ffa165a3f70>,<function get_cobyla at 0x7ff9e52bcaf0>,<function get_zzfeaturemap at 0x7ffa1d7164c0>,full,circular,475,pca,0.05
6,0.74,0.7648101425076691,2446.8727326393127,<function get_efficientsu2 at 0x7ffa165a3f70>,<function get_cobyla at 0x7ff9e52bcaf0>,<function get_zzfeaturemap at 0x7ffa1d7164c0>,full,circular,415,pca,0.1
6,0.724,0.7587187627026678,2375.7449741363525,<function get_efficientsu2 at 0x7ffa165a3f70>,<function get_cobyla at 0x7ff9e52bcaf0>,<function get_zzfeaturemap at 0x7ffa1d7164c0>,full,circular,408,pca,0.15000000000000002
6,0.708,0.7244586797984329,2351.7526507377625,<function get_efficientsu2 at 0x7ffa165a3f70>,<function get_cobyla at 0x7ff9e52bcaf0>,<function get_zzfeaturemap at 0x7ffa1d7164c0>,full,circular,405,pca,0.2
6,0.68,0.7021178537956888,2788.2083344459534,<function get_efficientsu2 at 0x7ffa165a3f70>,<function get_cobyla at 0x7ff9e52bcaf0>,<function get_zzfeaturemap at 0x7ffa1d7164c0>,full,circular,474,pca,0.25
7,0.796,0.8114750054813658,2865.202978372574,<function get_efficientsu2 at 0x7ffa165a3f70>,<function get_cobyla at 0x7ff9e52bcaf0>,<function get_zzfeaturemap at 0x7ffa1d7164c0>,full,pairwise,500,pca,0.05
7,0.736,0.7295400381540984,2367.0774676799774,<function get_efficientsu2 at 0x7ffa165a3f70>,<function get_cobyla at 0x7ff9e52bcaf0>,<function get_zzfeaturemap at 0x7ffa1d7164c0>,full,pairwise,417,pca,0.1
7,0.732,0.732501278937996,2873.222802877426,<function get_efficientsu2 at 0x7ffa165a3f70>,<function get_cobyla at 0x7ff9e52bcaf0>,<function get_zzfeaturemap at 0x7ffa1d7164c0>,full,pairwise,500,pca,0.15000000000000002
7,0.736,0.7281013829583839,2315.2573034763336,<function get_efficientsu2 at 0x7ffa165a3f70>,<function get_cobyla at 0x7ff9e52bcaf0>,<function get_zzfeaturemap at 0x7ffa1d7164c0>,full,pairwise,401,pca,0.2
7,0.732,0.747187224471435,2784.0721797943115,<function get_efficientsu2 at 0x7ffa165a3f70>,<function get_cobyla at 0x7ff9e52bcaf0>,<function get_zzfeaturemap at 0x7ffa1d7164c0>,full,pairwise,490,pca,0.25
8,0.68,0.7203027278208652,1984.591581583023,<function get_efficientsu2 at 0x7ffa165a3f70>,<function get_cobyla at 0x7ff9e52bcaf0>,<function get_zzfeaturemap at 0x7ffa1d7164c0>,full,sca,339,pca,0.05
8,0.688,0.6978830308529946,2932.5413370132446,<function get_efficientsu2 at 0x7ffa165a3f70>,<function get_cobyla at 0x7ff9e52bcaf0>,<function get_zzfeaturemap at 0x7ffa1d7164c0>,full,sca,500,pca,0.1
8,0.692,0.7142429489611513,2208.8864793777466,<function get_efficientsu2 at 0x7ffa165a3f70>,<function get_cobyla at 0x7ff9e52bcaf0>,<function get_zzfeaturemap at 0x7ffa1d7164c0>,full,sca,382,pca,0.15000000000000002
8,0.696,0.7095108150470218,2807.8605921268463,<function get_efficientsu2 at 0x7ffa165a3f70>,<function get_cobyla at 0x7ff9e52bcaf0>,<function get_zzfeaturemap at 0x7ffa1d7164c0>,full,sca,488,pca,0.2
8,0.768,0.7913300383983706,2711.967095851898,<function get_efficientsu2 at 0x7ffa165a3f70>,<function get_cobyla at 0x7ff9e52bcaf0>,<function get_zzfeaturemap at 0x7ffa1d7164c0>,full,sca,470,pca,0.25
9,0.64,0.6508056319036023,2809.9907891750336,<function get_efficientsu2 at 0x7ffa165a3f70>,<function get_cobyla at 0x7ff9e52bcaf0>,<function get_zzfeaturemap at 0x7ffa1d7164c0>,linear,full,407,pca,0.05
9,0.616,0.6182100928596437,2517.7948610782623,<function get_efficientsu2 at 0x7ffa165a3f70>,<function get_cobyla at 0x7ff9e52bcaf0>,<function get_zzfeaturemap at 0x7ffa1d7164c0>,linear,full,364,pca,0.1
9,0.676,0.6896612712137633,3179.2825694084167,<function get_efficientsu2 at 0x7ffa165a3f70>,<function get_cobyla at 0x7ff9e52bcaf0>,<function get_zzfeaturemap at 0x7ffa1d7164c0>,linear,full,461,pca,0.15000000000000002
9,0.632,0.6441978852556884,2754.728819847107,<function get_efficientsu2 at 0x7ffa165a3f70>,<function get_cobyla at 0x7ff9e52bcaf0>,<function get_zzfeaturemap at 0x7ffa1d7164c0>,linear,full,399,pca,0.2
9,0.616,0.619667349843274,3439.7184405326843,<function get_efficientsu2 at 0x7ffa165a3f70>,<function get_cobyla at 0x7ff9e52bcaf0>,<function get_zzfeaturemap at 0x7ffa1d7164c0>,linear,full,500,pca,0.25
10,0.788,0.7815075299085151,2669.803152322769,<function get_efficientsu2 at 0x7ffa165a3f70>,<function get_cobyla at 0x7ff9e52bcaf0>,<function get_zzfeaturemap at 0x7ffa1d7164c0>,linear,linear,500,pca,0.05
10,0.756,0.7644320040383644,2567.1306631565094,<function get_efficientsu2 at 0x7ffa165a3f70>,<function get_cobyla at 0x7ff9e52bcaf0>,<function get_zzfeaturemap at 0x7ffa1d7164c0>,linear,linear,483,pca,0.1
10,0.712,0.7142895110186326,2652.5298171043396,<function get_efficientsu2 at 0x7ffa165a3f70>,<function get_cobyla at 0x7ff9e52bcaf0>,<function get_zzfeaturemap at 0x7ffa1d7164c0>,linear,linear,500,pca,0.15000000000000002
10,0.692,0.693198920338324,2602.6812736988068,<function get_efficientsu2 at 0x7ffa165a3f70>,<function get_cobyla at 0x7ff9e52bcaf0>,<function get_zzfeaturemap at 0x7ffa1d7164c0>,linear,linear,500,pca,0.2
10,0.708,0.6969825174825176,2386.723380088806,<function get_efficientsu2 at 0x7ffa165a3f70>,<function get_cobyla at 0x7ff9e52bcaf0>,<function get_zzfeaturemap at 0x7ffa1d7164c0>,linear,linear,459,pca,0.25
11,0.664,0.6835651510692098,2684.547598838806,<function get_efficientsu2 at 0x7ffa165a3f70>,<function get_cobyla at 0x7ff9e52bcaf0>,<function get_zzfeaturemap at 0x7ffa1d7164c0>,linear,circular,500,pca,0.05
11,0.744,0.7609020534078859,2673.492623567581,<function get_efficientsu2 at 0x7ffa165a3f70>,<function get_cobyla at 0x7ff9e52bcaf0>,<function get_zzfeaturemap at 0x7ffa1d7164c0>,linear,circular,500,pca,0.1
11,0.636,0.640871724137931,2351.0589830875397,<function get_efficientsu2 at 0x7ffa165a3f70>,<function get_cobyla at 0x7ff9e52bcaf0>,<function get_zzfeaturemap at 0x7ffa1d7164c0>,linear,circular,438,pca,0.15000000000000002
11,0.696,0.7149695815421451,2683.199654340744,<function get_efficientsu2 at 0x7ffa165a3f70>,<function get_cobyla at 0x7ff9e52bcaf0>,<function get_zzfeaturemap at 0x7ffa1d7164c0>,linear,circular,500,pca,0.2
11,0.648,0.6721845367880873,2110.168888092041,<function get_efficientsu2 at 0x7ffa165a3f70>,<function get_cobyla at 0x7ff9e52bcaf0>,<function get_zzfeaturemap at 0x7ffa1d7164c0>,linear,circular,393,pca,0.25
12,0.74,0.7345816554809844,2290.325280189514,<function get_efficientsu2 at 0x7ffa165a3f70>,<function get_cobyla at 0x7ff9e52bcaf0>,<function get_zzfeaturemap at 0x7ffa1d7164c0>,linear,pairwise,431,pca,0.05
12,0.704,0.6775229317785092,2533.5958602428436,<function get_efficientsu2 at 0x7ffa165a3f70>,<function get_cobyla at 0x7ff9e52bcaf0>,<function get_zzfeaturemap at 0x7ffa1d7164c0>,linear,pairwise,477,pca,0.1
12,0.724,0.7288703837502624,1991.3030302524567,<function get_efficientsu2 at 0x7ffa165a3f70>,<function get_cobyla at 0x7ff9e52bcaf0>,<function get_zzfeaturemap at 0x7ffa1d7164c0>,linear,pairwise,377,pca,0.15000000000000002
12,0.78,0.7653279217790403,2267.084291934967,<function get_efficientsu2 at 0x7ffa165a3f70>,<function get_cobyla at 0x7ff9e52bcaf0>,<function get_zzfeaturemap at 0x7ffa1d7164c0>,linear,pairwise,428,pca,0.2
12,0.72,0.6966315822243632,2602.8654696941376,<function get_efficientsu2 at 0x7ffa165a3f70>,<function get_cobyla at 0x7ff9e52bcaf0>,<function get_zzfeaturemap at 0x7ffa1d7164c0>,linear,pairwise,500,pca,0.25
13,0.712,0.7336061488759733,2057.7204492092133,<function get_efficientsu2 at 0x7ffa165a3f70>,<function get_cobyla at 0x7ff9e52bcaf0>,<function get_zzfeaturemap at 0x7ffa1d7164c0>,linear,sca,383,pca,0.05
13,0.716,0.7521989827856026,2698.43168926239,<function get_efficientsu2 at 0x7ffa165a3f70>,<function get_cobyla at 0x7ff9e52bcaf0>,<function get_zzfeaturemap at 0x7ffa1d7164c0>,linear,sca,500,pca,0.1
13,0.776,0.7955661654135338,2685.9983327388763,<function get_efficientsu2 at 0x7ffa165a3f70>,<function get_cobyla at 0x7ff9e52bcaf0>,<function get_zzfeaturemap at 0x7ffa1d7164c0>,linear,sca,500,pca,0.15000000000000002
13,0.684,0.696003305637452,2571.791236639023,<function get_efficientsu2 at 0x7ffa165a3f70>,<function get_cobyla at 0x7ff9e52bcaf0>,<function get_zzfeaturemap at 0x7ffa1d7164c0>,linear,sca,478,pca,0.2
13,0.66,0.6829166419787109,2319.346901655197,<function get_efficientsu2 at 0x7ffa165a3f70>,<function get_cobyla at 0x7ff9e52bcaf0>,<function get_zzfeaturemap at 0x7ffa1d7164c0>,linear,sca,430,pca,0.25
14,0.676,0.6853643434446537,3355.151398420334,<function get_efficientsu2 at 0x7ffa165a3f70>,<function get_cobyla at 0x7ff9e52bcaf0>,<function get_zzfeaturemap at 0x7ffa1d7164c0>,circular,full,467,pca,0.05
14,0.664,0.6688073187895848,3269.514711856842,<function get_efficientsu2 at 0x7ffa165a3f70>,<function get_cobyla at 0x7ff9e52bcaf0>,<function get_zzfeaturemap at 0x7ffa1d7164c0>,circular,full,454,pca,0.1
14,0.592,0.5703929565278395,3149.5961010456085,<function get_efficientsu2 at 0x7ffa165a3f70>,<function get_cobyla at 0x7ff9e52bcaf0>,<function get_zzfeaturemap at 0x7ffa1d7164c0>,circular,full,435,pca,0.15000000000000002
14,0.664,0.6979253751296719,2240.9996831417084,<function get_efficientsu2 at 0x7ffa165a3f70>,<function get_cobyla at 0x7ff9e52bcaf0>,<function get_zzfeaturemap at 0x7ffa1d7164c0>,circular,full,319,pca,0.2
14,0.636,0.6177883425495423,3534.4390993118286,<function get_efficientsu2 at 0x7ffa165a3f70>,<function get_cobyla at 0x7ff9e52bcaf0>,<function get_zzfeaturemap at 0x7ffa1d7164c0>,circular,full,500,pca,0.25
15,0.768,0.7772137905191886,2669.0713074207306,<function get_efficientsu2 at 0x7ffa165a3f70>,<function get_cobyla at 0x7ff9e52bcaf0>,<function get_zzfeaturemap at 0x7ffa1d7164c0>,circular,linear,500,pca,0.05
15,0.696,0.6983328695114409,2639.132253408432,<function get_efficientsu2 at 0x7ffa165a3f70>,<function get_cobyla at 0x7ff9e52bcaf0>,<function get_zzfeaturemap at 0x7ffa1d7164c0>,circular,linear,500,pca,0.1
15,0.772,0.7853423206191606,2399.5050137043,<function get_efficientsu2 at 0x7ffa165a3f70>,<function get_cobyla at 0x7ff9e52bcaf0>,<function get_zzfeaturemap at 0x7ffa1d7164c0>,circular,linear,449,pca,0.15000000000000002
15,0.592,0.5799340755560786,2670.7775552272797,<function get_efficientsu2 at 0x7ffa165a3f70>,<function get_cobyla at 0x7ff9e52bcaf0>,<function get_zzfeaturemap at 0x7ffa1d7164c0>,circular,linear,500,pca,0.2
15,0.776,0.7840416558451161,2643.3660287857056,<function get_efficientsu2 at 0x7ffa165a3f70>,<function get_cobyla at 0x7ff9e52bcaf0>,<function get_zzfeaturemap at 0x7ffa1d7164c0>,circular,linear,500,pca,0.25
16,0.656,0.6716793505834602,2266.6784019470215,<function get_efficientsu2 at 0x7ffa165a3f70>,<function get_cobyla at 0x7ff9e52bcaf0>,<function get_zzfeaturemap at 0x7ffa1d7164c0>,circular,circular,403,pca,0.05
16,0.64,0.6378000535700039,1611.2567505836487,<function get_efficientsu2 at 0x7ffa165a3f70>,<function get_cobyla at 0x7ff9e52bcaf0>,<function get_zzfeaturemap at 0x7ffa1d7164c0>,circular,circular,290,pca,0.1
16,0.668,0.679312425685818,2589.622188091278,<function get_efficientsu2 at 0x7ffa165a3f70>,<function get_cobyla at 0x7ff9e52bcaf0>,<function get_zzfeaturemap at 0x7ffa1d7164c0>,circular,circular,466,pca,0.15000000000000002
16,0.716,0.7432145751930941,2791.252387046814,<function get_efficientsu2 at 0x7ffa165a3f70>,<function get_cobyla at 0x7ff9e52bcaf0>,<function get_zzfeaturemap at 0x7ffa1d7164c0>,circular,circular,500,pca,0.2
16,0.7,0.7126699493832621,2576.1554548740387,<function get_efficientsu2 at 0x7ffa165a3f70>,<function get_cobyla at 0x7ff9e52bcaf0>,<function get_zzfeaturemap at 0x7ffa1d7164c0>,circular,circular,464,pca,0.25
17,0.68,0.6682402117008988,2608.911126613617,<function get_efficientsu2 at 0x7ffa165a3f70>,<function get_cobyla at 0x7ff9e52bcaf0>,<function get_zzfeaturemap at 0x7ffa1d7164c0>,circular,pairwise,485,pca,0.05
17,0.696,0.7021169004476603,2688.654915332794,<function get_efficientsu2 at 0x7ffa165a3f70>,<function get_cobyla at 0x7ff9e52bcaf0>,<function get_zzfeaturemap at 0x7ffa1d7164c0>,circular,pairwise,500,pca,0.1
17,0.76,0.7411889429303772,2727.841591835022,<function get_efficientsu2 at 0x7ffa165a3f70>,<function get_cobyla at 0x7ff9e52bcaf0>,<function get_zzfeaturemap at 0x7ffa1d7164c0>,circular,pairwise,500,pca,0.15000000000000002
17,0.82,0.8324150482250163,2497.7717304229736,<function get_efficientsu2 at 0x7ffa165a3f70>,<function get_cobyla at 0x7ff9e52bcaf0>,<function get_zzfeaturemap at 0x7ffa1d7164c0>,circular,pairwise,464,pca,0.2
17,0.748,0.7463398294529079,2678.7574660778046,<function get_efficientsu2 at 0x7ffa165a3f70>,<function get_cobyla at 0x7ff9e52bcaf0>,<function get_zzfeaturemap at 0x7ffa1d7164c0>,circular,pairwise,500,pca,0.25
18,0.728,0.7506561740146646,2177.9594247341156,<function get_efficientsu2 at 0x7ffa165a3f70>,<function get_cobyla at 0x7ff9e52bcaf0>,<function get_zzfeaturemap at 0x7ffa1d7164c0>,circular,sca,395,pca,0.05
18,0.64,0.6440036067879761,1805.71870470047,<function get_efficientsu2 at 0x7ffa165a3f70>,<function get_cobyla at 0x7ff9e52bcaf0>,<function get_zzfeaturemap at 0x7ffa1d7164c0>,circular,sca,331,pca,0.1
18,0.744,0.7729066957543211,2725.364763736725,<function get_efficientsu2 at 0x7ffa165a3f70>,<function get_cobyla at 0x7ff9e52bcaf0>,<function get_zzfeaturemap at 0x7ffa1d7164c0>,circular,sca,500,pca,0.15000000000000002
18,0.68,0.6754775115196168,2747.136736392975,<function get_efficientsu2 at 0x7ffa165a3f70>,<function get_cobyla at 0x7ff9e52bcaf0>,<function get_zzfeaturemap at 0x7ffa1d7164c0>,circular,sca,500,pca,0.2
18,0.72,0.7317744406338564,2734.2217016220093,<function get_efficientsu2 at 0x7ffa165a3f70>,<function get_cobyla at 0x7ff9e52bcaf0>,<function get_zzfeaturemap at 0x7ffa1d7164c0>,circular,sca,500,pca,0.25
19,0.66,0.6542644510911709,3484.737930059433,<function get_efficientsu2 at 0x7ffa165a3f70>,<function get_cobyla at 0x7ff9e52bcaf0>,<function get_zzfeaturemap at 0x7ffa1d7164c0>,sca,full,500,pca,0.05
19,0.684,0.6997515600852912,3476.4231271743774,<function get_efficientsu2 at 0x7ffa165a3f70>,<function get_cobyla at 0x7ff9e52bcaf0>,<function get_zzfeaturemap at 0x7ffa1d7164c0>,sca,full,500,pca,0.1
19,0.632,0.6304727501346804,3155.1790668964386,<function get_efficientsu2 at 0x7ffa165a3f70>,<function get_cobyla at 0x7ff9e52bcaf0>,<function get_zzfeaturemap at 0x7ffa1d7164c0>,sca,full,453,pca,0.15000000000000002
19,0.656,0.6722236030223646,3131.132349729538,<function get_efficientsu2 at 0x7ffa165a3f70>,<function get_cobyla at 0x7ff9e52bcaf0>,<function get_zzfeaturemap at 0x7ffa1d7164c0>,sca,full,449,pca,0.2
19,0.648,0.6540394044410217,3480.492347240448,<function get_efficientsu2 at 0x7ffa165a3f70>,<function get_cobyla at 0x7ff9e52bcaf0>,<function get_zzfeaturemap at 0x7ffa1d7164c0>,sca,full,500,pca,0.25
20,0.716,0.7300168857915337,2364.9847502708435,<function get_efficientsu2 at 0x7ffa165a3f70>,<function get_cobyla at 0x7ff9e52bcaf0>,<function get_zzfeaturemap at 0x7ffa1d7164c0>,sca,linear,437,pca,0.05
20,0.676,0.6802144172845449,2696.0889003276825,<function get_efficientsu2 at 0x7ffa165a3f70>,<function get_cobyla at 0x7ff9e52bcaf0>,<function get_zzfeaturemap at 0x7ffa1d7164c0>,sca,linear,500,pca,0.1
20,0.732,0.7410365878310088,2318.789949655533,<function get_efficientsu2 at 0x7ffa165a3f70>,<function get_cobyla at 0x7ff9e52bcaf0>,<function get_zzfeaturemap at 0x7ffa1d7164c0>,sca,linear,424,pca,0.15000000000000002
20,0.712,0.7322856140350877,2362.5427906513214,<function get_efficientsu2 at 0x7ffa165a3f70>,<function get_cobyla at 0x7ff9e52bcaf0>,<function get_zzfeaturemap at 0x7ffa1d7164c0>,sca,linear,437,pca,0.2
20,0.716,0.7190376103430642,2673.0832259655,<function get_efficientsu2 at 0x7ffa165a3f70>,<function get_cobyla at 0x7ff9e52bcaf0>,<function get_zzfeaturemap at 0x7ffa1d7164c0>,sca,linear,493,pca,0.25
21,0.752,0.7585768187658144,2738.487369775772,<function get_efficientsu2 at 0x7ffa165a3f70>,<function get_cobyla at 0x7ff9e52bcaf0>,<function get_zzfeaturemap at 0x7ffa1d7164c0>,sca,circular,500,pca,0.05
21,0.704,0.7126635745207175,2721.3758025169373,<function get_efficientsu2 at 0x7ffa165a3f70>,<function get_cobyla at 0x7ff9e52bcaf0>,<function get_zzfeaturemap at 0x7ffa1d7164c0>,sca,circular,500,pca,0.1
21,0.716,0.737758892611482,2744.6943221092224,<function get_efficientsu2 at 0x7ffa165a3f70>,<function get_cobyla at 0x7ff9e52bcaf0>,<function get_zzfeaturemap at 0x7ffa1d7164c0>,sca,circular,500,pca,0.15000000000000002
21,0.752,0.7409468789392936,2727.6512444019318,<function get_efficientsu2 at 0x7ffa165a3f70>,<function get_cobyla at 0x7ff9e52bcaf0>,<function get_zzfeaturemap at 0x7ffa1d7164c0>,sca,circular,500,pca,0.2
21,0.716,0.7337635472648486,2252.443289756775,<function get_efficientsu2 at 0x7ffa165a3f70>,<function get_cobyla at 0x7ff9e52bcaf0>,<function get_zzfeaturemap at 0x7ffa1d7164c0>,sca,circular,412,pca,0.25
22,0.768,0.7858225175971656,2703.6382064819336,<function get_efficientsu2 at 0x7ffa165a3f70>,<function get_cobyla at 0x7ff9e52bcaf0>,<function get_zzfeaturemap at 0x7ffa1d7164c0>,sca,pairwise,500,pca,0.05
22,0.688,0.6851985875510627,2761.2463929653168,<function get_efficientsu2 at 0x7ffa165a3f70>,<function get_cobyla at 0x7ff9e52bcaf0>,<function get_zzfeaturemap at 0x7ffa1d7164c0>,sca,pairwise,500,pca,0.1
22,0.648,0.6645797135114208,2712.9507319927216,<function get_efficientsu2 at 0x7ffa165a3f70>,<function get_cobyla at 0x7ff9e52bcaf0>,<function get_zzfeaturemap at 0x7ffa1d7164c0>,sca,pairwise,500,pca,0.15000000000000002
22,0.68,0.6915189418989135,1901.1813371181488,<function get_efficientsu2 at 0x7ffa165a3f70>,<function get_cobyla at 0x7ff9e52bcaf0>,<function get_zzfeaturemap at 0x7ffa1d7164c0>,sca,pairwise,348,pca,0.2
22,0.68,0.6538805510396166,2459.4566316604614,<function get_efficientsu2 at 0x7ffa165a3f70>,<function get_cobyla at 0x7ff9e52bcaf0>,<function get_zzfeaturemap at 0x7ffa1d7164c0>,sca,pairwise,452,pca,0.25
23,0.788,0.8049809751919845,2756.629462957382,<function get_efficientsu2 at 0x7ffa165a3f70>,<function get_cobyla at 0x7ff9e52bcaf0>,<function get_zzfeaturemap at 0x7ffa1d7164c0>,sca,sca,500,pca,0.05
23,0.752,0.771295134766036,2660.75190448761,<function get_efficientsu2 at 0x7ffa165a3f70>,<function get_cobyla at 0x7ff9e52bcaf0>,<function get_zzfeaturemap at 0x7ffa1d7164c0>,sca,sca,485,pca,0.1
23,0.744,0.765154292994115,2747.3157358169556,<function get_efficientsu2 at 0x7ffa165a3f70>,<function get_cobyla at 0x7ff9e52bcaf0>,<function get_zzfeaturemap at 0x7ffa1d7164c0>,sca,sca,500,pca,0.15000000000000002
23,0.644,0.6558805198641264,2724.7814338207245,<function get_efficientsu2 at 0x7ffa165a3f70>,<function get_cobyla at 0x7ff9e52bcaf0>,<function get_zzfeaturemap at 0x7ffa1d7164c0>,sca,sca,500,pca,0.2
23,0.752,0.7570540114211347,2745.3625786304474,<function get_efficientsu2 at 0x7ffa165a3f70>,<function get_cobyla at 0x7ff9e52bcaf0>,<function get_zzfeaturemap at 0x7ffa1d7164c0>,sca,sca,500,pca,0.25
24,0.748,0.7888559598817024,593.9752974510193,<function get_paulitwodesign at 0x7ffa1d716700>,<function get_cobyla at 0x7ff9e52bcaf0>,<function get_zfeaturemap at 0x7ffa1d716430>,,,148,pca,0.05
24,0.78,0.7806899061240672,672.0632326602936,<function get_paulitwodesign at 0x7ffa1d716700>,<function get_cobyla at 0x7ff9e52bcaf0>,<function get_zfeaturemap at 0x7ffa1d716430>,,,169,pca,0.1
24,0.656,0.6632807786823903,665.3488185405731,<function get_paulitwodesign at 0x7ffa1d716700>,<function get_cobyla at 0x7ff9e52bcaf0>,<function get_zfeaturemap at 0x7ffa1d716430>,,,168,pca,0.15000000000000002
24,0.812,0.8124793852080564,901.3224415779114,<function get_paulitwodesign at 0x7ffa1d716700>,<function get_cobyla at 0x7ff9e52bcaf0>,<function get_zfeaturemap at 0x7ffa1d716430>,,,226,pca,0.2
24,0.672,0.6748527512582188,789.1934103965759,<function get_paulitwodesign at 0x7ffa1d716700>,<function get_cobyla at 0x7ff9e52bcaf0>,<function get_zfeaturemap at 0x7ffa1d716430>,,,197,pca,0.25
25,0.664,0.6653116678178631,1100.9973442554474,<function get_paulitwodesign at 0x7ffa1d716700>,<function get_cobyla at 0x7ff9e52bcaf0>,<function get_zzfeaturemap at 0x7ffa1d7164c0>,,full,171,pca,0.05
25,0.672,0.6848996920575869,1030.606698513031,<function get_paulitwodesign at 0x7ffa1d716700>,<function get_cobyla at 0x7ff9e52bcaf0>,<function get_zzfeaturemap at 0x7ffa1d7164c0>,,full,160,pca,0.1
25,0.676,0.7099191271964012,1177.3628039360046,<function get_paulitwodesign at 0x7ffa1d716700>,<function get_cobyla at 0x7ff9e52bcaf0>,<function get_zzfeaturemap at 0x7ffa1d7164c0>,,full,183,pca,0.15000000000000002
25,0.628,0.6464925409635607,1011.057904958725,<function get_paulitwodesign at 0x7ffa1d716700>,<function get_cobyla at 0x7ff9e52bcaf0>,<function get_zzfeaturemap at 0x7ffa1d7164c0>,,full,157,pca,0.2
25,0.596,0.611939331206428,1462.6711778640747,<function get_paulitwodesign at 0x7ffa1d716700>,<function get_cobyla at 0x7ff9e52bcaf0>,<function get_zzfeaturemap at 0x7ffa1d7164c0>,,full,227,pca,0.25
26,0.652,0.6679454783021856,1205.3375549316406,<function get_paulitwodesign at 0x7ffa1d716700>,<function get_cobyla at 0x7ff9e52bcaf0>,<function get_zzfeaturemap at 0x7ffa1d7164c0>,,linear,256,pca,0.05
26,0.744,0.7611165600229204,1261.5514824390411,<function get_paulitwodesign at 0x7ffa1d716700>,<function get_cobyla at 0x7ff9e52bcaf0>,<function get_zzfeaturemap at 0x7ffa1d7164c0>,,linear,269,pca,0.1
26,0.704,0.7104282980596272,1207.202401638031,<function get_paulitwodesign at 0x7ffa1d716700>,<function get_cobyla at 0x7ff9e52bcaf0>,<function get_zzfeaturemap at 0x7ffa1d7164c0>,,linear,258,pca,0.15000000000000002
26,0.696,0.7058319580936891,1183.2086863517761,<function get_paulitwodesign at 0x7ffa1d716700>,<function get_cobyla at 0x7ff9e52bcaf0>,<function get_zzfeaturemap at 0x7ffa1d7164c0>,,linear,252,pca,0.2
26,0.676,0.6772854286571947,866.336549282074,<function get_paulitwodesign at 0x7ffa1d716700>,<function get_cobyla at 0x7ff9e52bcaf0>,<function get_zzfeaturemap at 0x7ffa1d7164c0>,,linear,185,pca,0.25
27,0.66,0.678181169439459,826.072874546051,<function get_paulitwodesign at 0x7ffa1d716700>,<function get_cobyla at 0x7ff9e52bcaf0>,<function get_zzfeaturemap at 0x7ffa1d7164c0>,,circular,171,pca,0.05
27,0.728,0.7597040375586855,1072.5099985599518,<function get_paulitwodesign at 0x7ffa1d716700>,<function get_cobyla at 0x7ff9e52bcaf0>,<function get_zzfeaturemap at 0x7ffa1d7164c0>,,circular,221,pca,0.1
27,0.744,0.7500939182768452,1075.0868818759918,<function get_paulitwodesign at 0x7ffa1d716700>,<function get_cobyla at 0x7ff9e52bcaf0>,<function get_zzfeaturemap at 0x7ffa1d7164c0>,,circular,222,pca,0.15000000000000002
27,0.644,0.6526635581646818,1059.7961926460266,<function get_paulitwodesign at 0x7ffa1d716700>,<function get_cobyla at 0x7ff9e52bcaf0>,<function get_zzfeaturemap at 0x7ffa1d7164c0>,,circular,219,pca,0.2
27,0.728,0.7329740544552438,661.6516954898834,<function get_paulitwodesign at 0x7ffa1d716700>,<function get_cobyla at 0x7ff9e52bcaf0>,<function get_zzfeaturemap at 0x7ffa1d7164c0>,,circular,136,pca,0.25
28,0.72,0.7002282068808384,1087.753629207611,<function get_paulitwodesign at 0x7ffa1d716700>,<function get_cobyla at 0x7ff9e52bcaf0>,<function get_zzfeaturemap at 0x7ffa1d7164c0>,,pairwise,234,pca,0.05
28,0.624,0.6210473457341764,679.360595703125,<function get_paulitwodesign at 0x7ffa1d716700>,<function get_cobyla at 0x7ff9e52bcaf0>,<function get_zzfeaturemap at 0x7ffa1d7164c0>,,pairwise,145,pca,0.1
28,0.656,0.6517703289299643,776.7672374248505,<function get_paulitwodesign at 0x7ffa1d716700>,<function get_cobyla at 0x7ff9e52bcaf0>,<function get_zzfeaturemap at 0x7ffa1d7164c0>,,pairwise,165,pca,0.15000000000000002
28,0.68,0.6581350839383431,966.8943655490875,<function get_paulitwodesign at 0x7ffa1d716700>,<function get_cobyla at 0x7ff9e52bcaf0>,<function get_zzfeaturemap at 0x7ffa1d7164c0>,,pairwise,208,pca,0.2
28,0.676,0.6631523150970551,989.1892158985138,<function get_paulitwodesign at 0x7ffa1d716700>,<function get_cobyla at 0x7ff9e52bcaf0>,<function get_zzfeaturemap at 0x7ffa1d7164c0>,,pairwise,214,pca,0.25
29,0.704,0.7403874770058624,869.9542851448059,<function get_paulitwodesign at 0x7ffa1d716700>,<function get_cobyla at 0x7ff9e52bcaf0>,<function get_zzfeaturemap at 0x7ffa1d7164c0>,,sca,179,pca,0.05
29,0.708,0.7255578961340634,828.322404384613,<function get_paulitwodesign at 0x7ffa1d716700>,<function get_cobyla at 0x7ff9e52bcaf0>,<function get_zzfeaturemap at 0x7ffa1d7164c0>,,sca,170,pca,0.1
29,0.676,0.7019254342753436,1024.5040254592896,<function get_paulitwodesign at 0x7ffa1d716700>,<function get_cobyla at 0x7ff9e52bcaf0>,<function get_zzfeaturemap at 0x7ffa1d7164c0>,,sca,210,pca,0.15000000000000002
29,0.648,0.6579529411764706,945.2393085956573,<function get_paulitwodesign at 0x7ffa1d716700>,<function get_cobyla at 0x7ff9e52bcaf0>,<function get_zzfeaturemap at 0x7ffa1d7164c0>,,sca,195,pca,0.2
29,0.7,0.7157014965710619,1216.2360489368439,<function get_paulitwodesign at 0x7ffa1d716700>,<function get_cobyla at 0x7ff9e52bcaf0>,<function get_zzfeaturemap at 0x7ffa1d7164c0>,,sca,250,pca,0.25
30,0.844,0.8714917511853683,1139.3466942310333,<function get_realamplitudes at 0x7ffa16b181f0>,<function get_cobyla at 0x7ff9e52bcaf0>,<function get_zfeaturemap at 0x7ffa1d716430>,full,,263,pca,0.05
30,0.86,0.8717564893493192,955.9865067005157,<function get_realamplitudes at 0x7ffa16b181f0>,<function get_cobyla at 0x7ff9e52bcaf0>,<function get_zfeaturemap at 0x7ffa1d716430>,full,,220,pca,0.1
30,0.696,0.6815179077128103,1193.1180505752563,<function get_realamplitudes at 0x7ffa16b181f0>,<function get_cobyla at 0x7ff9e52bcaf0>,<function get_zfeaturemap at 0x7ffa1d716430>,full,,269,pca,0.15000000000000002
30,0.68,0.6556950182786249,1251.4640231132507,<function get_realamplitudes at 0x7ffa16b181f0>,<function get_cobyla at 0x7ff9e52bcaf0>,<function get_zfeaturemap at 0x7ffa1d716430>,full,,288,pca,0.2
30,0.8,0.8215103804357536,939.323704957962,<function get_realamplitudes at 0x7ffa16b181f0>,<function get_cobyla at 0x7ff9e52bcaf0>,<function get_zfeaturemap at 0x7ffa1d716430>,full,,220,pca,0.25
31,0.836,0.8269625755738862,1063.5221800804138,<function get_realamplitudes at 0x7ffa16b181f0>,<function get_cobyla at 0x7ff9e52bcaf0>,<function get_zfeaturemap at 0x7ffa1d716430>,linear,,266,pca,0.05
31,0.812,0.7870473017315363,1032.4843482971191,<function get_realamplitudes at 0x7ffa16b181f0>,<function get_cobyla at 0x7ff9e52bcaf0>,<function get_zfeaturemap at 0x7ffa1d716430>,linear,,262,pca,0.1
31,0.832,0.8271255332902392,748.6332108974457,<function get_realamplitudes at 0x7ffa16b181f0>,<function get_cobyla at 0x7ff9e52bcaf0>,<function get_zfeaturemap at 0x7ffa1d716430>,linear,,189,pca,0.15000000000000002
31,0.9,0.9034556860693265,769.627827167511,<function get_realamplitudes at 0x7ffa16b181f0>,<function get_cobyla at 0x7ff9e52bcaf0>,<function get_zfeaturemap at 0x7ffa1d716430>,linear,,195,pca,0.2
31,0.86,0.849885396684947,891.8516192436218,<function get_realamplitudes at 0x7ffa16b181f0>,<function get_cobyla at 0x7ff9e52bcaf0>,<function get_zfeaturemap at 0x7ffa1d716430>,linear,,226,pca,0.25
32,0.864,0.8828407877344047,1329.045119524002,<function get_realamplitudes at 0x7ffa16b181f0>,<function get_cobyla at 0x7ff9e52bcaf0>,<function get_zfeaturemap at 0x7ffa1d716430>,circular,,335,pca,0.05
32,0.816,0.8109475018738623,549.6463704109192,<function get_realamplitudes at 0x7ffa16b181f0>,<function get_cobyla at 0x7ff9e52bcaf0>,<function get_zfeaturemap at 0x7ffa1d716430>,circular,,136,pca,0.1
32,0.804,0.8056630402856566,1030.3769872188568,<function get_realamplitudes at 0x7ffa16b181f0>,<function get_cobyla at 0x7ff9e52bcaf0>,<function get_zfeaturemap at 0x7ffa1d716430>,circular,,260,pca,0.15000000000000002
32,0.84,0.8465092874029044,711.4845638275146,<function get_realamplitudes at 0x7ffa16b181f0>,<function get_cobyla at 0x7ff9e52bcaf0>,<function get_zfeaturemap at 0x7ffa1d716430>,circular,,177,pca,0.2
32,0.824,0.802800419443704,993.898508310318,<function get_realamplitudes at 0x7ffa16b181f0>,<function get_cobyla at 0x7ff9e52bcaf0>,<function get_zfeaturemap at 0x7ffa1d716430>,circular,,246,pca,0.25
33,0.836,0.8315251754653645,1183.3803567886353,<function get_realamplitudes at 0x7ffa16b181f0>,<function get_cobyla at 0x7ff9e52bcaf0>,<function get_zfeaturemap at 0x7ffa1d716430>,sca,,302,pca,0.05
33,0.844,0.8501478121533342,1238.1981086730957,<function get_realamplitudes at 0x7ffa16b181f0>,<function get_cobyla at 0x7ff9e52bcaf0>,<function get_zfeaturemap at 0x7ffa1d716430>,sca,,322,pca,0.1
33,0.816,0.851666725696366,954.4562349319458,<function get_realamplitudes at 0x7ffa16b181f0>,<function get_cobyla at 0x7ff9e52bcaf0>,<function get_zfeaturemap at 0x7ffa1d716430>,sca,,244,pca,0.15000000000000002
33,0.836,0.8220501369043824,861.3954071998596,<function get_realamplitudes at 0x7ffa16b181f0>,<function get_cobyla at 0x7ff9e52bcaf0>,<function get_zfeaturemap at 0x7ffa1d716430>,sca,,224,pca,0.2
33,0.836,0.8584112098427888,1024.6666872501373,<function get_realamplitudes at 0x7ffa16b181f0>,<function get_cobyla at 0x7ff9e52bcaf0>,<function get_zfeaturemap at 0x7ffa1d716430>,sca,,260,pca,0.25
34,0.656,0.6794523809523809,1094.7614328861237,<function get_realamplitudes at 0x7ffa16b181f0>,<function get_cobyla at 0x7ff9e52bcaf0>,<function get_zzfeaturemap at 0x7ffa1d7164c0>,full,full,163,pca,0.05
34,0.668,0.6625976521976522,1336.9737355709076,<function get_realamplitudes at 0x7ffa16b181f0>,<function get_cobyla at 0x7ff9e52bcaf0>,<function get_zzfeaturemap at 0x7ffa1d7164c0>,full,full,199,pca,0.1
34,0.612,0.6188400591278639,1928.4648678302765,<function get_realamplitudes at 0x7ffa16b181f0>,<function get_cobyla at 0x7ff9e52bcaf0>,<function get_zzfeaturemap at 0x7ffa1d7164c0>,full,full,287,pca,0.15000000000000002
34,0.684,0.6980847611946294,1669.075171470642,<function get_realamplitudes at 0x7ffa16b181f0>,<function get_cobyla at 0x7ff9e52bcaf0>,<function get_zzfeaturemap at 0x7ffa1d7164c0>,full,full,250,pca,0.2
34,0.636,0.6449022435259074,1592.0663306713104,<function get_realamplitudes at 0x7ffa16b181f0>,<function get_cobyla at 0x7ff9e52bcaf0>,<function get_zzfeaturemap at 0x7ffa1d7164c0>,full,full,242,pca,0.25
35,0.744,0.7640447024510629,864.0699148178101,<function get_realamplitudes at 0x7ffa16b181f0>,<function get_cobyla at 0x7ff9e52bcaf0>,<function get_zzfeaturemap at 0x7ffa1d7164c0>,full,linear,174,pca,0.05
35,0.708,0.7223316706047082,797.7864108085632,<function get_realamplitudes at 0x7ffa16b181f0>,<function get_cobyla at 0x7ff9e52bcaf0>,<function get_zzfeaturemap at 0x7ffa1d7164c0>,full,linear,161,pca,0.1
35,0.74,0.7377044289044289,1144.0620739459991,<function get_realamplitudes at 0x7ffa16b181f0>,<function get_cobyla at 0x7ff9e52bcaf0>,<function get_zzfeaturemap at 0x7ffa1d7164c0>,full,linear,229,pca,0.15000000000000002
35,0.712,0.7076575447305822,1274.2368960380554,<function get_realamplitudes at 0x7ffa16b181f0>,<function get_cobyla at 0x7ff9e52bcaf0>,<function get_zzfeaturemap at 0x7ffa1d7164c0>,full,linear,256,pca,0.2
35,0.704,0.6883319786096257,807.3774693012238,<function get_realamplitudes at 0x7ffa16b181f0>,<function get_cobyla at 0x7ff9e52bcaf0>,<function get_zzfeaturemap at 0x7ffa1d7164c0>,full,linear,162,pca,0.25
36,0.664,0.6752031716761939,1338.4232020378113,<function get_realamplitudes at 0x7ffa16b181f0>,<function get_cobyla at 0x7ff9e52bcaf0>,<function get_zzfeaturemap at 0x7ffa1d7164c0>,full,circular,254,pca,0.05
36,0.764,0.777104872657869,1008.9781494140625,<function get_realamplitudes at 0x7ffa16b181f0>,<function get_cobyla at 0x7ff9e52bcaf0>,<function get_zzfeaturemap at 0x7ffa1d7164c0>,full,circular,195,pca,0.1
36,0.712,0.744147047863797,1161.2994766235352,<function get_realamplitudes at 0x7ffa16b181f0>,<function get_cobyla at 0x7ff9e52bcaf0>,<function get_zzfeaturemap at 0x7ffa1d7164c0>,full,circular,222,pca,0.15000000000000002
36,0.66,0.66661424287362,1394.0159032344818,<function get_realamplitudes at 0x7ffa16b181f0>,<function get_cobyla at 0x7ff9e52bcaf0>,<function get_zzfeaturemap at 0x7ffa1d7164c0>,full,circular,267,pca,0.2
36,0.712,0.7349333333333334,1008.7615795135498,<function get_realamplitudes at 0x7ffa16b181f0>,<function get_cobyla at 0x7ff9e52bcaf0>,<function get_zzfeaturemap at 0x7ffa1d7164c0>,full,circular,194,pca,0.25
37,0.616,0.6034072932717001,1026.5304098129272,<function get_realamplitudes at 0x7ffa16b181f0>,<function get_cobyla at 0x7ff9e52bcaf0>,<function get_zzfeaturemap at 0x7ffa1d7164c0>,full,pairwise,202,pca,0.05
37,0.728,0.7209772104498223,1012.247457742691,<function get_realamplitudes at 0x7ffa16b181f0>,<function get_cobyla at 0x7ff9e52bcaf0>,<function get_zzfeaturemap at 0x7ffa1d7164c0>,full,pairwise,198,pca,0.1
37,0.64,0.6548629370629372,763.4542489051819,<function get_realamplitudes at 0x7ffa16b181f0>,<function get_cobyla at 0x7ff9e52bcaf0>,<function get_zzfeaturemap at 0x7ffa1d7164c0>,full,pairwise,150,pca,0.15000000000000002
37,0.74,0.7603784442500447,1013.6271350383759,<function get_realamplitudes at 0x7ffa16b181f0>,<function get_cobyla at 0x7ff9e52bcaf0>,<function get_zzfeaturemap at 0x7ffa1d7164c0>,full,pairwise,201,pca,0.2
37,0.684,0.6835275717325053,1015.1899132728577,<function get_realamplitudes at 0x7ffa16b181f0>,<function get_cobyla at 0x7ff9e52bcaf0>,<function get_zzfeaturemap at 0x7ffa1d7164c0>,full,pairwise,202,pca,0.25
38,0.68,0.6981001224739743,1213.073474407196,<function get_realamplitudes at 0x7ffa16b181f0>,<function get_cobyla at 0x7ff9e52bcaf0>,<function get_zzfeaturemap at 0x7ffa1d7164c0>,full,sca,234,pca,0.05
38,0.7,0.7175746989852253,1203.160089969635,<function get_realamplitudes at 0x7ffa16b181f0>,<function get_cobyla at 0x7ff9e52bcaf0>,<function get_zzfeaturemap at 0x7ffa1d7164c0>,full,sca,232,pca,0.1
38,0.684,0.6955305260012503,1153.3507707118988,<function get_realamplitudes at 0x7ffa16b181f0>,<function get_cobyla at 0x7ff9e52bcaf0>,<function get_zzfeaturemap at 0x7ffa1d7164c0>,full,sca,224,pca,0.15000000000000002
38,0.66,0.6574536394406405,1487.9662072658539,<function get_realamplitudes at 0x7ffa16b181f0>,<function get_cobyla at 0x7ff9e52bcaf0>,<function get_zzfeaturemap at 0x7ffa1d7164c0>,full,sca,288,pca,0.2
38,0.7,0.7266871794871794,938.1504201889038,<function get_realamplitudes at 0x7ffa16b181f0>,<function get_cobyla at 0x7ff9e52bcaf0>,<function get_zzfeaturemap at 0x7ffa1d7164c0>,full,sca,184,pca,0.25
39,0.62,0.6388126768334981,1192.4626288414001,<function get_realamplitudes at 0x7ffa16b181f0>,<function get_cobyla at 0x7ff9e52bcaf0>,<function get_zzfeaturemap at 0x7ffa1d7164c0>,linear,full,191,pca,0.05
39,0.62,0.6123581994757188,1181.6839573383331,<function get_realamplitudes at 0x7ffa16b181f0>,<function get_cobyla at 0x7ff9e52bcaf0>,<function get_zzfeaturemap at 0x7ffa1d7164c0>,linear,full,190,pca,0.1
39,0.616,0.6329874320378169,965.3822572231293,<function get_realamplitudes at 0x7ffa16b181f0>,<function get_cobyla at 0x7ff9e52bcaf0>,<function get_zzfeaturemap at 0x7ffa1d7164c0>,linear,full,155,pca,0.15000000000000002
39,0.592,0.6043222492840775,1414.5857183933258,<function get_realamplitudes at 0x7ffa16b181f0>,<function get_cobyla at 0x7ff9e52bcaf0>,<function get_zzfeaturemap at 0x7ffa1d7164c0>,linear,full,227,pca,0.2
39,0.664,0.685483569387107,1165.2221102714539,<function get_realamplitudes at 0x7ffa16b181f0>,<function get_cobyla at 0x7ff9e52bcaf0>,<function get_zzfeaturemap at 0x7ffa1d7164c0>,linear,full,187,pca,0.25
40,0.748,0.7521252804965386,1219.838871717453,<function get_realamplitudes at 0x7ffa16b181f0>,<function get_cobyla at 0x7ff9e52bcaf0>,<function get_zzfeaturemap at 0x7ffa1d7164c0>,linear,linear,267,pca,0.05
40,0.7,0.6798144522144524,1212.9320085048676,<function get_realamplitudes at 0x7ffa16b181f0>,<function get_cobyla at 0x7ff9e52bcaf0>,<function get_zzfeaturemap at 0x7ffa1d7164c0>,linear,linear,265,pca,0.1
40,0.752,0.7572414414414415,952.1487727165222,<function get_realamplitudes at 0x7ffa16b181f0>,<function get_cobyla at 0x7ff9e52bcaf0>,<function get_zzfeaturemap at 0x7ffa1d7164c0>,linear,linear,207,pca,0.15000000000000002
40,0.692,0.6723938221377346,1158.4950132369995,<function get_realamplitudes at 0x7ffa16b181f0>,<function get_cobyla at 0x7ff9e52bcaf0>,<function get_zzfeaturemap at 0x7ffa1d7164c0>,linear,linear,257,pca,0.2
40,0.756,0.7696198111611274,966.3476445674896,<function get_realamplitudes at 0x7ffa16b181f0>,<function get_cobyla at 0x7ff9e52bcaf0>,<function get_zzfeaturemap at 0x7ffa1d7164c0>,linear,linear,211,pca,0.25
41,0.62,0.6540582344754965,816.4756505489349,<function get_realamplitudes at 0x7ffa16b181f0>,<function get_cobyla at 0x7ff9e52bcaf0>,<function get_zzfeaturemap at 0x7ffa1d7164c0>,linear,circular,173,pca,0.05
41,0.652,0.6842036386062288,825.0428743362427,<function get_realamplitudes at 0x7ffa16b181f0>,<function get_cobyla at 0x7ff9e52bcaf0>,<function get_zzfeaturemap at 0x7ffa1d7164c0>,linear,circular,175,pca,0.1
41,0.648,0.664510470620997,796.8126628398895,<function get_realamplitudes at 0x7ffa16b181f0>,<function get_cobyla at 0x7ff9e52bcaf0>,<function get_zzfeaturemap at 0x7ffa1d7164c0>,linear,circular,169,pca,0.15000000000000002
41,0.62,0.6101412824312153,1076.656296491623,<function get_realamplitudes at 0x7ffa16b181f0>,<function get_cobyla at 0x7ff9e52bcaf0>,<function get_zzfeaturemap at 0x7ffa1d7164c0>,linear,circular,230,pca,0.2
41,0.68,0.7169301404387924,898.3713583946228,<function get_realamplitudes at 0x7ffa16b181f0>,<function get_cobyla at 0x7ff9e52bcaf0>,<function get_zzfeaturemap at 0x7ffa1d7164c0>,linear,circular,190,pca,0.25
42,0.652,0.659164428887856,950.69047498703,<function get_realamplitudes at 0x7ffa16b181f0>,<function get_cobyla at 0x7ff9e52bcaf0>,<function get_zzfeaturemap at 0x7ffa1d7164c0>,linear,pairwise,204,pca,0.05
42,0.688,0.6759381864810404,843.8803923130035,<function get_realamplitudes at 0x7ffa16b181f0>,<function get_cobyla at 0x7ff9e52bcaf0>,<function get_zzfeaturemap at 0x7ffa1d7164c0>,linear,pairwise,180,pca,0.1
42,0.724,0.7247313970351273,791.1451642513275,<function get_realamplitudes at 0x7ffa16b181f0>,<function get_cobyla at 0x7ff9e52bcaf0>,<function get_zzfeaturemap at 0x7ffa1d7164c0>,linear,pairwise,170,pca,0.15000000000000002
42,0.696,0.7101349039755221,1003.0737860202789,<function get_realamplitudes at 0x7ffa16b181f0>,<function get_cobyla at 0x7ff9e52bcaf0>,<function get_zzfeaturemap at 0x7ffa1d7164c0>,linear,pairwise,218,pca,0.2
42,0.772,0.7811564552406658,1104.2913455963135,<function get_realamplitudes at 0x7ffa16b181f0>,<function get_cobyla at 0x7ff9e52bcaf0>,<function get_zzfeaturemap at 0x7ffa1d7164c0>,linear,pairwise,237,pca,0.25
43,0.676,0.6912494623655914,889.9961082935333,<function get_realamplitudes at 0x7ffa16b181f0>,<function get_cobyla at 0x7ff9e52bcaf0>,<function get_zzfeaturemap at 0x7ffa1d7164c0>,linear,sca,184,pca,0.05
43,0.7,0.7268011988011988,791.550434589386,<function get_realamplitudes at 0x7ffa16b181f0>,<function get_cobyla at 0x7ff9e52bcaf0>,<function get_zzfeaturemap at 0x7ffa1d7164c0>,linear,sca,166,pca,0.1
43,0.628,0.6356369647167949,953.7922248840332,<function get_realamplitudes at 0x7ffa16b181f0>,<function get_cobyla at 0x7ff9e52bcaf0>,<function get_zzfeaturemap at 0x7ffa1d7164c0>,linear,sca,201,pca,0.15000000000000002
43,0.652,0.6758729647443429,727.7980437278748,<function get_realamplitudes at 0x7ffa16b181f0>,<function get_cobyla at 0x7ff9e52bcaf0>,<function get_zzfeaturemap at 0x7ffa1d7164c0>,linear,sca,153,pca,0.2
43,0.628,0.6339999360117008,983.9169478416443,<function get_realamplitudes at 0x7ffa16b181f0>,<function get_cobyla at 0x7ff9e52bcaf0>,<function get_zzfeaturemap at 0x7ffa1d7164c0>,linear,sca,206,pca,0.25
44,0.632,0.6219745092439215,950.1863286495209,<function get_realamplitudes at 0x7ffa16b181f0>,<function get_cobyla at 0x7ff9e52bcaf0>,<function get_zzfeaturemap at 0x7ffa1d7164c0>,circular,full,152,pca,0.05
44,0.592,0.6033654919908467,1283.2273364067078,<function get_realamplitudes at 0x7ffa16b181f0>,<function get_cobyla at 0x7ff9e52bcaf0>,<function get_zzfeaturemap at 0x7ffa1d7164c0>,circular,full,205,pca,0.1
44,0.624,0.6407243884358784,1168.2760570049286,<function get_realamplitudes at 0x7ffa16b181f0>,<function get_cobyla at 0x7ff9e52bcaf0>,<function get_zzfeaturemap at 0x7ffa1d7164c0>,circular,full,187,pca,0.15000000000000002
44,0.648,0.6516363636363638,966.9613151550293,<function get_realamplitudes at 0x7ffa16b181f0>,<function get_cobyla at 0x7ff9e52bcaf0>,<function get_zzfeaturemap at 0x7ffa1d7164c0>,circular,full,155,pca,0.2
44,0.724,0.7505714114474078,1357.190969467163,<function get_realamplitudes at 0x7ffa16b181f0>,<function get_cobyla at 0x7ff9e52bcaf0>,<function get_zzfeaturemap at 0x7ffa1d7164c0>,circular,full,217,pca,0.25
45,0.716,0.7201685004415379,771.0761692523956,<function get_realamplitudes at 0x7ffa16b181f0>,<function get_cobyla at 0x7ff9e52bcaf0>,<function get_zzfeaturemap at 0x7ffa1d7164c0>,circular,linear,165,pca,0.05
45,0.684,0.6761485251590514,1228.4591295719147,<function get_realamplitudes at 0x7ffa16b181f0>,<function get_cobyla at 0x7ff9e52bcaf0>,<function get_zzfeaturemap at 0x7ffa1d7164c0>,circular,linear,266,pca,0.1
45,0.648,0.6550767263427111,1237.444702386856,<function get_realamplitudes at 0x7ffa16b181f0>,<function get_cobyla at 0x7ff9e52bcaf0>,<function get_zzfeaturemap at 0x7ffa1d7164c0>,circular,linear,266,pca,0.15000000000000002
45,0.704,0.6905745775938412,860.2751014232635,<function get_realamplitudes at 0x7ffa16b181f0>,<function get_cobyla at 0x7ff9e52bcaf0>,<function get_zzfeaturemap at 0x7ffa1d7164c0>,circular,linear,185,pca,0.2
45,0.656,0.6607579169101362,1353.0869524478912,<function get_realamplitudes at 0x7ffa16b181f0>,<function get_cobyla at 0x7ff9e52bcaf0>,<function get_zzfeaturemap at 0x7ffa1d7164c0>,circular,linear,293,pca,0.25
46,0.704,0.7287362897526501,929.2574942111969,<function get_realamplitudes at 0x7ffa16b181f0>,<function get_cobyla at 0x7ff9e52bcaf0>,<function get_zzfeaturemap at 0x7ffa1d7164c0>,circular,circular,196,pca,0.05
46,0.684,0.6951694397919076,1178.839861869812,<function get_realamplitudes at 0x7ffa16b181f0>,<function get_cobyla at 0x7ff9e52bcaf0>,<function get_zzfeaturemap at 0x7ffa1d7164c0>,circular,circular,247,pca,0.1
46,0.692,0.7094148580213421,1517.6251962184906,<function get_realamplitudes at 0x7ffa16b181f0>,<function get_cobyla at 0x7ff9e52bcaf0>,<function get_zzfeaturemap at 0x7ffa1d7164c0>,circular,circular,318,pca,0.15000000000000002
46,0.672,0.6440023966714232,672.0274307727814,<function get_realamplitudes at 0x7ffa16b181f0>,<function get_cobyla at 0x7ff9e52bcaf0>,<function get_zzfeaturemap at 0x7ffa1d7164c0>,circular,circular,141,pca,0.2
46,0.752,0.7721350798936585,1370.5801227092743,<function get_realamplitudes at 0x7ffa16b181f0>,<function get_cobyla at 0x7ff9e52bcaf0>,<function get_zzfeaturemap at 0x7ffa1d7164c0>,circular,circular,290,pca,0.25
47,0.68,0.7025348890414091,1373.825840473175,<function get_realamplitudes at 0x7ffa16b181f0>,<function get_cobyla at 0x7ff9e52bcaf0>,<function get_zzfeaturemap at 0x7ffa1d7164c0>,circular,pairwise,297,pca,0.05
47,0.688,0.6873429343409719,954.2193982601166,<function get_realamplitudes at 0x7ffa16b181f0>,<function get_cobyla at 0x7ff9e52bcaf0>,<function get_zzfeaturemap at 0x7ffa1d7164c0>,circular,pairwise,209,pca,0.1
47,0.708,0.7166321760663029,1437.0767872333527,<function get_realamplitudes at 0x7ffa16b181f0>,<function get_cobyla at 0x7ff9e52bcaf0>,<function get_zzfeaturemap at 0x7ffa1d7164c0>,circular,pairwise,312,pca,0.15000000000000002
47,0.736,0.7443858501922106,1159.0559248924255,<function get_realamplitudes at 0x7ffa16b181f0>,<function get_cobyla at 0x7ff9e52bcaf0>,<function get_zzfeaturemap at 0x7ffa1d7164c0>,circular,pairwise,250,pca,0.2
47,0.716,0.7140695249871721,1528.9911727905273,<function get_realamplitudes at 0x7ffa16b181f0>,<function get_cobyla at 0x7ff9e52bcaf0>,<function get_zzfeaturemap at 0x7ffa1d7164c0>,circular,pairwise,329,pca,0.25
48,0.728,0.7543258145363408,857.8728184700012,<function get_realamplitudes at 0x7ffa16b181f0>,<function get_cobyla at 0x7ff9e52bcaf0>,<function get_zzfeaturemap at 0x7ffa1d7164c0>,circular,sca,179,pca,0.05
48,0.74,0.7643448743159518,1085.991107225418,<function get_realamplitudes at 0x7ffa16b181f0>,<function get_cobyla at 0x7ff9e52bcaf0>,<function get_zzfeaturemap at 0x7ffa1d7164c0>,circular,sca,225,pca,0.1
48,0.704,0.7096772424807027,1056.7537388801575,<function get_realamplitudes at 0x7ffa16b181f0>,<function get_cobyla at 0x7ff9e52bcaf0>,<function get_zzfeaturemap at 0x7ffa1d7164c0>,circular,sca,218,pca,0.15000000000000002
48,0.66,0.6414889568824494,958.3211841583252,<function get_realamplitudes at 0x7ffa16b181f0>,<function get_cobyla at 0x7ff9e52bcaf0>,<function get_zzfeaturemap at 0x7ffa1d7164c0>,circular,sca,196,pca,0.2
48,0.672,0.6835187550509942,1496.213996887207,<function get_realamplitudes at 0x7ffa16b181f0>,<function get_cobyla at 0x7ff9e52bcaf0>,<function get_zzfeaturemap at 0x7ffa1d7164c0>,circular,sca,309,pca,0.25
49,0.704,0.7334020643481495,1269.294457435608,<function get_realamplitudes at 0x7ffa16b181f0>,<function get_cobyla at 0x7ff9e52bcaf0>,<function get_zzfeaturemap at 0x7ffa1d7164c0>,sca,full,197,pca,0.05
49,0.64,0.6533953275376158,1327.8870480060577,<function get_realamplitudes at 0x7ffa16b181f0>,<function get_cobyla at 0x7ff9e52bcaf0>,<function get_zzfeaturemap at 0x7ffa1d7164c0>,sca,full,209,pca,0.1
49,0.588,0.5696197941737848,1174.2775859832764,<function get_realamplitudes at 0x7ffa16b181f0>,<function get_cobyla at 0x7ff9e52bcaf0>,<function get_zzfeaturemap at 0x7ffa1d7164c0>,sca,full,182,pca,0.15000000000000002
49,0.624,0.639454791970212,1698.1933462619781,<function get_realamplitudes at 0x7ffa16b181f0>,<function get_cobyla at 0x7ff9e52bcaf0>,<function get_zzfeaturemap at 0x7ffa1d7164c0>,sca,full,261,pca,0.2
49,0.704,0.7244378488999117,1775.895007610321,<function get_realamplitudes at 0x7ffa16b181f0>,<function get_cobyla at 0x7ff9e52bcaf0>,<function get_zzfeaturemap at 0x7ffa1d7164c0>,sca,full,277,pca,0.25
50,0.724,0.7545311147130634,904.3011531829834,<function get_realamplitudes at 0x7ffa16b181f0>,<function get_cobyla at 0x7ff9e52bcaf0>,<function get_zzfeaturemap at 0x7ffa1d7164c0>,sca,linear,194,pca,0.05
50,0.66,0.6553014799154334,921.4359622001648,<function get_realamplitudes at 0x7ffa16b181f0>,<function get_cobyla at 0x7ff9e52bcaf0>,<function get_zzfeaturemap at 0x7ffa1d7164c0>,sca,linear,198,pca,0.1
50,0.656,0.6627762772289193,937.7791883945465,<function get_realamplitudes at 0x7ffa16b181f0>,<function get_cobyla at 0x7ff9e52bcaf0>,<function get_zzfeaturemap at 0x7ffa1d7164c0>,sca,linear,201,pca,0.15000000000000002
50,0.784,0.790845350922191,889.5633902549744,<function get_realamplitudes at 0x7ffa16b181f0>,<function get_cobyla at 0x7ff9e52bcaf0>,<function get_zzfeaturemap at 0x7ffa1d7164c0>,sca,linear,193,pca,0.2
50,0.692,0.7031375844765437,932.4916062355042,<function get_realamplitudes at 0x7ffa16b181f0>,<function get_cobyla at 0x7ff9e52bcaf0>,<function get_zzfeaturemap at 0x7ffa1d7164c0>,sca,linear,202,pca,0.25
51,0.708,0.7323211519703786,1079.1611924171448,<function get_realamplitudes at 0x7ffa16b181f0>,<function get_cobyla at 0x7ff9e52bcaf0>,<function get_zzfeaturemap at 0x7ffa1d7164c0>,sca,circular,227,pca,0.05
51,0.656,0.6876230034945879,1108.6014831066132,<function get_realamplitudes at 0x7ffa16b181f0>,<function get_cobyla at 0x7ff9e52bcaf0>,<function get_zzfeaturemap at 0x7ffa1d7164c0>,sca,circular,236,pca,0.1
51,0.704,0.6998381833220543,1578.4475016593933,<function get_realamplitudes at 0x7ffa16b181f0>,<function get_cobyla at 0x7ff9e52bcaf0>,<function get_zzfeaturemap at 0x7ffa1d7164c0>,sca,circular,329,pca,0.15000000000000002
51,0.676,0.6803227868709614,1008.4164729118347,<function get_realamplitudes at 0x7ffa16b181f0>,<function get_cobyla at 0x7ff9e52bcaf0>,<function get_zzfeaturemap at 0x7ffa1d7164c0>,sca,circular,213,pca,0.2
51,0.672,0.6739878772021629,860.6781859397888,<function get_realamplitudes at 0x7ffa16b181f0>,<function get_cobyla at 0x7ff9e52bcaf0>,<function get_zzfeaturemap at 0x7ffa1d7164c0>,sca,circular,181,pca,0.25
52,0.744,0.7544007028717824,931.9339344501495,<function get_realamplitudes at 0x7ffa16b181f0>,<function get_cobyla at 0x7ff9e52bcaf0>,<function get_zzfeaturemap at 0x7ffa1d7164c0>,sca,pairwise,199,pca,0.05
52,0.668,0.6682670189787145,991.2919640541077,<function get_realamplitudes at 0x7ffa16b181f0>,<function get_cobyla at 0x7ff9e52bcaf0>,<function get_zzfeaturemap at 0x7ffa1d7164c0>,sca,pairwise,211,pca,0.1
52,0.8,0.8322122017272086,1067.7267951965332,<function get_realamplitudes at 0x7ffa16b181f0>,<function get_cobyla at 0x7ff9e52bcaf0>,<function get_zzfeaturemap at 0x7ffa1d7164c0>,sca,pairwise,235,pca,0.15000000000000002
52,0.708,0.7007970780558742,839.3736486434937,<function get_realamplitudes at 0x7ffa16b181f0>,<function get_cobyla at 0x7ff9e52bcaf0>,<function get_zzfeaturemap at 0x7ffa1d7164c0>,sca,pairwise,180,pca,0.2
52,0.656,0.6738188356463298,1083.3359715938568,<function get_realamplitudes at 0x7ffa16b181f0>,<function get_cobyla at 0x7ff9e52bcaf0>,<function get_zzfeaturemap at 0x7ffa1d7164c0>,sca,pairwise,234,pca,0.25
53,0.668,0.6937576271332752,1004.0488996505737,<function get_realamplitudes at 0x7ffa16b181f0>,<function get_cobyla at 0x7ff9e52bcaf0>,<function get_zzfeaturemap at 0x7ffa1d7164c0>,sca,sca,212,pca,0.05
53,0.632,0.6582991745097009,948.2318575382233,<function get_realamplitudes at 0x7ffa16b181f0>,<function get_cobyla at 0x7ff9e52bcaf0>,<function get_zzfeaturemap at 0x7ffa1d7164c0>,sca,sca,200,pca,0.1
53,0.748,0.7551520191678037,1043.3287053108215,<function get_realamplitudes at 0x7ffa16b181f0>,<function get_cobyla at 0x7ff9e52bcaf0>,<function get_zzfeaturemap at 0x7ffa1d7164c0>,sca,sca,220,pca,0.15000000000000002
53,0.708,0.7403055017112149,948.8753225803375,<function get_realamplitudes at 0x7ffa16b181f0>,<function get_cobyla at 0x7ff9e52bcaf0>,<function get_zzfeaturemap at 0x7ffa1d7164c0>,sca,sca,199,pca,0.2
53,0.688,0.700253406115475,895.6578903198242,<function get_realamplitudes at 0x7ffa16b181f0>,<function get_cobyla at 0x7ff9e52bcaf0>,<function get_zzfeaturemap at 0x7ffa1d7164c0>,sca,sca,190,pca,0.25
54,0.868,0.8767815798319327,1101.589735031128,<function get_twolocal at 0x7ffa1d716550>,<function get_cobyla at 0x7ff9e52bcaf0>,<function get_zfeaturemap at 0x7ffa1d716430>,full,,257,pca,0.05
54,0.728,0.6807915039658328,959.2064936161041,<function get_twolocal at 0x7ffa1d716550>,<function get_cobyla at 0x7ff9e52bcaf0>,<function get_zfeaturemap at 0x7ffa1d716430>,full,,223,pca,0.1
54,0.888,0.8962469567795981,1782.2110130786896,<function get_twolocal at 0x7ffa1d716550>,<function get_cobyla at 0x7ff9e52bcaf0>,<function get_zfeaturemap at 0x7ffa1d716430>,full,,410,pca,0.15000000000000002
54,0.904,0.8981565537168373,1345.726444721222,<function get_twolocal at 0x7ffa1d716550>,<function get_cobyla at 0x7ff9e52bcaf0>,<function get_zfeaturemap at 0x7ffa1d716430>,full,,311,pca,0.2
54,0.788,0.7616169412409054,1171.1396570205688,<function get_twolocal at 0x7ffa1d716550>,<function get_cobyla at 0x7ff9e52bcaf0>,<function get_zfeaturemap at 0x7ffa1d716430>,full,,269,pca,0.25
55,0.864,0.8521755735018319,887.118584394455,<function get_twolocal at 0x7ffa1d716550>,<function get_cobyla at 0x7ff9e52bcaf0>,<function get_zfeaturemap at 0x7ffa1d716430>,linear,,228,pca,0.05
55,0.812,0.7706767965498219,920.8256528377533,<function get_twolocal at 0x7ffa1d716550>,<function get_cobyla at 0x7ff9e52bcaf0>,<function get_zfeaturemap at 0x7ffa1d716430>,linear,,235,pca,0.1
55,0.856,0.8461982685909928,925.7636959552765,<function get_twolocal at 0x7ffa1d716550>,<function get_cobyla at 0x7ff9e52bcaf0>,<function get_zfeaturemap at 0x7ffa1d716430>,linear,,239,pca,0.15000000000000002
55,0.836,0.8173442339278946,1139.1991198062897,<function get_twolocal at 0x7ffa1d716550>,<function get_cobyla at 0x7ff9e52bcaf0>,<function get_zfeaturemap at 0x7ffa1d716430>,linear,,296,pca,0.2
55,0.824,0.795148866972815,887.564453125,<function get_twolocal at 0x7ffa1d716550>,<function get_cobyla at 0x7ff9e52bcaf0>,<function get_zfeaturemap at 0x7ffa1d716430>,linear,,250,pca,0.25
56,0.864,0.8628109037902979,1088.6867623329163,<function get_twolocal at 0x7ffa1d716550>,<function get_cobyla at 0x7ff9e52bcaf0>,<function get_zfeaturemap at 0x7ffa1d716430>,circular,,274,pca,0.05
56,0.868,0.8613407250859108,1089.5135989189148,<function get_twolocal at 0x7ffa1d716550>,<function get_cobyla at 0x7ff9e52bcaf0>,<function get_zfeaturemap at 0x7ffa1d716430>,circular,,280,pca,0.1
56,0.708,0.744583501868735,1099.6853330135345,<function get_twolocal at 0x7ffa1d716550>,<function get_cobyla at 0x7ff9e52bcaf0>,<function get_zfeaturemap at 0x7ffa1d716430>,circular,,281,pca,0.15000000000000002
56,0.864,0.862119851659656,1055.494372844696,<function get_twolocal at 0x7ffa1d716550>,<function get_cobyla at 0x7ff9e52bcaf0>,<function get_zfeaturemap at 0x7ffa1d716430>,circular,,272,pca,0.2
56,0.832,0.8416320040383645,1162.1069405078888,<function get_twolocal at 0x7ffa1d716550>,<function get_cobyla at 0x7ff9e52bcaf0>,<function get_zfeaturemap at 0x7ffa1d716430>,circular,,292,pca,0.25
57,0.672,0.7022544111573225,823.7193608283997,<function get_twolocal at 0x7ffa1d716550>,<function get_cobyla at 0x7ff9e52bcaf0>,<function get_zfeaturemap at 0x7ffa1d716430>,pairwise,,212,pca,0.05
57,0.868,0.854236532585998,768.3304557800293,<function get_twolocal at 0x7ffa1d716550>,<function get_cobyla at 0x7ff9e52bcaf0>,<function get_zfeaturemap at 0x7ffa1d716430>,pairwise,,198,pca,0.1
57,0.78,0.7590862922544583,1128.1153373718262,<function get_twolocal at 0x7ffa1d716550>,<function get_cobyla at 0x7ff9e52bcaf0>,<function get_zfeaturemap at 0x7ffa1d716430>,pairwise,,290,pca,0.15000000000000002
57,0.868,0.8805369787351561,1086.2823419570923,<function get_twolocal at 0x7ffa1d716550>,<function get_cobyla at 0x7ff9e52bcaf0>,<function get_zfeaturemap at 0x7ffa1d716430>,pairwise,,277,pca,0.2
57,0.808,0.7776766035059278,923.3896238803864,<function get_twolocal at 0x7ffa1d716550>,<function get_cobyla at 0x7ff9e52bcaf0>,<function get_zfeaturemap at 0x7ffa1d716430>,pairwise,,244,pca,0.25
58,0.888,0.8941611789598723,827.3282825946808,<function get_twolocal at 0x7ffa1d716550>,<function get_cobyla at 0x7ff9e52bcaf0>,<function get_zfeaturemap at 0x7ffa1d716430>,sca,,210,pca,0.05
58,0.844,0.8560638145518943,709.0828614234924,<function get_twolocal at 0x7ffa1d716550>,<function get_cobyla at 0x7ff9e52bcaf0>,<function get_zfeaturemap at 0x7ffa1d716430>,sca,,182,pca,0.1
58,0.9,0.8919491032274529,989.6440765857697,<function get_twolocal at 0x7ffa1d716550>,<function get_cobyla at 0x7ff9e52bcaf0>,<function get_zfeaturemap at 0x7ffa1d716430>,sca,,257,pca,0.15000000000000002
58,0.8,0.799539957412966,975.6359405517578,<function get_twolocal at 0x7ffa1d716550>,<function get_cobyla at 0x7ff9e52bcaf0>,<function get_zfeaturemap at 0x7ffa1d716430>,sca,,245,pca,0.2
58,0.828,0.8322500309416384,831.4578399658203,<function get_twolocal at 0x7ffa1d716550>,<function get_cobyla at 0x7ff9e52bcaf0>,<function get_zfeaturemap at 0x7ffa1d716430>,sca,,213,pca,0.25
59,0.62,0.6272063977615987,1023.3796336650848,<function get_twolocal at 0x7ffa1d716550>,<function get_cobyla at 0x7ff9e52bcaf0>,<function get_zzfeaturemap at 0x7ffa1d7164c0>,full,full,154,pca,0.05
59,0.708,0.7249776544922176,1305.4398577213287,<function get_twolocal at 0x7ffa1d716550>,<function get_cobyla at 0x7ff9e52bcaf0>,<function get_zzfeaturemap at 0x7ffa1d7164c0>,full,full,194,pca,0.1
59,0.664,0.6811278786097587,1200.9456367492676,<function get_twolocal at 0x7ffa1d716550>,<function get_cobyla at 0x7ff9e52bcaf0>,<function get_zzfeaturemap at 0x7ffa1d7164c0>,full,full,181,pca,0.15000000000000002
59,0.652,0.6537149076474918,1261.733374118805,<function get_twolocal at 0x7ffa1d716550>,<function get_cobyla at 0x7ff9e52bcaf0>,<function get_zzfeaturemap at 0x7ffa1d7164c0>,full,full,189,pca,0.2
59,0.648,0.6537984979886508,1355.8152034282684,<function get_twolocal at 0x7ffa1d716550>,<function get_cobyla at 0x7ff9e52bcaf0>,<function get_zzfeaturemap at 0x7ffa1d7164c0>,full,full,215,pca,0.25
60,0.796,0.8054210934446187,1661.5262253284454,<function get_twolocal at 0x7ffa1d716550>,<function get_cobyla at 0x7ff9e52bcaf0>,<function get_zzfeaturemap at 0x7ffa1d7164c0>,full,linear,335,pca,0.05
60,0.704,0.7121688639721754,966.9444532394409,<function get_twolocal at 0x7ffa1d716550>,<function get_cobyla at 0x7ff9e52bcaf0>,<function get_zzfeaturemap at 0x7ffa1d7164c0>,full,linear,195,pca,0.1
60,0.724,0.7324532684679945,924.0626020431519,<function get_twolocal at 0x7ffa1d716550>,<function get_cobyla at 0x7ff9e52bcaf0>,<function get_zzfeaturemap at 0x7ffa1d7164c0>,full,linear,184,pca,0.15000000000000002
60,0.728,0.7462398135198135,994.3661222457886,<function get_twolocal at 0x7ffa1d716550>,<function get_cobyla at 0x7ff9e52bcaf0>,<function get_zzfeaturemap at 0x7ffa1d7164c0>,full,linear,199,pca,0.2
60,0.812,0.8320465028932303,1701.1957972049713,<function get_twolocal at 0x7ffa1d716550>,<function get_cobyla at 0x7ff9e52bcaf0>,<function get_zzfeaturemap at 0x7ffa1d7164c0>,full,linear,347,pca,0.25
61,0.664,0.6787840633611554,1337.1726620197296,<function get_twolocal at 0x7ffa1d716550>,<function get_cobyla at 0x7ff9e52bcaf0>,<function get_zzfeaturemap at 0x7ffa1d7164c0>,full,circular,260,pca,0.05
61,0.76,0.7860990438289969,1290.3522379398346,<function get_twolocal at 0x7ffa1d716550>,<function get_cobyla at 0x7ff9e52bcaf0>,<function get_zzfeaturemap at 0x7ffa1d7164c0>,full,circular,250,pca,0.1
61,0.672,0.7087601350076368,925.7296717166901,<function get_twolocal at 0x7ffa1d716550>,<function get_cobyla at 0x7ff9e52bcaf0>,<function get_zzfeaturemap at 0x7ffa1d7164c0>,full,circular,192,pca,0.15000000000000002
61,0.68,0.7077848105382989,943.7669370174408,<function get_twolocal at 0x7ffa1d716550>,<function get_cobyla at 0x7ff9e52bcaf0>,<function get_zzfeaturemap at 0x7ffa1d7164c0>,full,circular,229,pca,0.2
61,0.66,0.690060832888977,722.549905538559,<function get_twolocal at 0x7ffa1d716550>,<function get_cobyla at 0x7ff9e52bcaf0>,<function get_zzfeaturemap at 0x7ffa1d7164c0>,full,circular,203,pca,0.25
62,0.716,0.7438016691212568,1195.453477859497,<function get_twolocal at 0x7ffa1d716550>,<function get_cobyla at 0x7ff9e52bcaf0>,<function get_zzfeaturemap at 0x7ffa1d7164c0>,full,pairwise,238,pca,0.05
62,0.692,0.7013289321151389,818.2710602283478,<function get_twolocal at 0x7ffa1d716550>,<function get_cobyla at 0x7ff9e52bcaf0>,<function get_zzfeaturemap at 0x7ffa1d7164c0>,full,pairwise,164,pca,0.1
62,0.6,0.5543751955954795,988.2080233097076,<function get_twolocal at 0x7ffa1d716550>,<function get_cobyla at 0x7ff9e52bcaf0>,<function get_zzfeaturemap at 0x7ffa1d7164c0>,full,pairwise,202,pca,0.15000000000000002
62,0.756,0.7504760485052671,1321.5877966880798,<function get_twolocal at 0x7ffa1d716550>,<function get_cobyla at 0x7ff9e52bcaf0>,<function get_zzfeaturemap at 0x7ffa1d7164c0>,full,pairwise,262,pca,0.2
62,0.72,0.716090936297122,954.1517717838287,<function get_twolocal at 0x7ffa1d716550>,<function get_cobyla at 0x7ff9e52bcaf0>,<function get_zzfeaturemap at 0x7ffa1d7164c0>,full,pairwise,192,pca,0.25
63,0.692,0.7297229405355556,1097.2981624603271,<function get_twolocal at 0x7ffa1d716550>,<function get_cobyla at 0x7ff9e52bcaf0>,<function get_zzfeaturemap at 0x7ffa1d7164c0>,full,sca,215,pca,0.05
63,0.716,0.7478986658496342,1121.1096019744873,<function get_twolocal at 0x7ffa1d716550>,<function get_cobyla at 0x7ff9e52bcaf0>,<function get_zzfeaturemap at 0x7ffa1d7164c0>,full,sca,215,pca,0.1
63,0.68,0.7035575605680869,1129.8872673511505,<function get_twolocal at 0x7ffa1d716550>,<function get_cobyla at 0x7ff9e52bcaf0>,<function get_zzfeaturemap at 0x7ffa1d7164c0>,full,sca,219,pca,0.15000000000000002
63,0.708,0.7272580203102335,1257.7427763938904,<function get_twolocal at 0x7ffa1d716550>,<function get_cobyla at 0x7ff9e52bcaf0>,<function get_zzfeaturemap at 0x7ffa1d7164c0>,full,sca,258,pca,0.2
63,0.644,0.6624056891618239,1011.7245941162109,<function get_twolocal at 0x7ffa1d716550>,<function get_cobyla at 0x7ff9e52bcaf0>,<function get_zzfeaturemap at 0x7ffa1d7164c0>,full,sca,252,pca,0.25
64,0.6,0.5970503080443585,965.1706342697144,<function get_twolocal at 0x7ffa1d716550>,<function get_cobyla at 0x7ff9e52bcaf0>,<function get_zzfeaturemap at 0x7ffa1d7164c0>,linear,full,155,pca,0.05
64,0.632,0.6278112633181125,1252.8015584945679,<function get_twolocal at 0x7ffa1d716550>,<function get_cobyla at 0x7ff9e52bcaf0>,<function get_zzfeaturemap at 0x7ffa1d7164c0>,linear,full,202,pca,0.1
64,0.652,0.6814080372065983,1261.5691311359406,<function get_twolocal at 0x7ffa1d716550>,<function get_cobyla at 0x7ff9e52bcaf0>,<function get_zzfeaturemap at 0x7ffa1d7164c0>,linear,full,203,pca,0.15000000000000002
64,0.632,0.6306618174096436,968.9520847797394,<function get_twolocal at 0x7ffa1d716550>,<function get_cobyla at 0x7ff9e52bcaf0>,<function get_zzfeaturemap at 0x7ffa1d7164c0>,linear,full,156,pca,0.2
64,0.672,0.6879328575311614,1236.903336763382,<function get_twolocal at 0x7ffa1d716550>,<function get_cobyla at 0x7ff9e52bcaf0>,<function get_zzfeaturemap at 0x7ffa1d7164c0>,linear,full,199,pca,0.25
65,0.656,0.6562743807040418,985.5994684696198,<function get_twolocal at 0x7ffa1d716550>,<function get_cobyla at 0x7ff9e52bcaf0>,<function get_zzfeaturemap at 0x7ffa1d7164c0>,linear,linear,215,pca,0.05
65,0.712,0.7219908361970219,957.1529467105865,<function get_twolocal at 0x7ffa1d716550>,<function get_cobyla at 0x7ff9e52bcaf0>,<function get_zzfeaturemap at 0x7ffa1d7164c0>,linear,linear,212,pca,0.1
65,0.664,0.6543473579262213,1103.1872656345367,<function get_twolocal at 0x7ffa1d716550>,<function get_cobyla at 0x7ff9e52bcaf0>,<function get_zzfeaturemap at 0x7ffa1d7164c0>,linear,linear,256,pca,0.15000000000000002
65,0.66,0.6671667596693063,783.2763051986694,<function get_twolocal at 0x7ffa1d716550>,<function get_cobyla at 0x7ff9e52bcaf0>,<function get_zzfeaturemap at 0x7ffa1d7164c0>,linear,linear,214,pca,0.2
65,0.724,0.7311861508522058,710.2827689647675,<function get_twolocal at 0x7ffa1d716550>,<function get_cobyla at 0x7ff9e52bcaf0>,<function get_zzfeaturemap at 0x7ffa1d7164c0>,linear,linear,221,pca,0.25
66,0.648,0.6666149054746204,796.7142245769501,<function get_twolocal at 0x7ffa1d716550>,<function get_cobyla at 0x7ff9e52bcaf0>,<function get_zzfeaturemap at 0x7ffa1d7164c0>,linear,circular,163,pca,0.05
66,0.664,0.6950936319847136,902.9771161079407,<function get_twolocal at 0x7ffa1d716550>,<function get_cobyla at 0x7ff9e52bcaf0>,<function get_zzfeaturemap at 0x7ffa1d7164c0>,linear,circular,188,pca,0.1
66,0.672,0.7194408670898995,890.6497466564178,<function get_twolocal at 0x7ffa1d716550>,<function get_cobyla at 0x7ff9e52bcaf0>,<function get_zzfeaturemap at 0x7ffa1d7164c0>,linear,circular,185,pca,0.15000000000000002
66,0.68,0.6865764199751222,1558.9953711032867,<function get_twolocal at 0x7ffa1d716550>,<function get_cobyla at 0x7ff9e52bcaf0>,<function get_zzfeaturemap at 0x7ffa1d7164c0>,linear,circular,323,pca,0.2
66,0.724,0.745764946869799,1005.3798654079437,<function get_twolocal at 0x7ffa1d716550>,<function get_cobyla at 0x7ff9e52bcaf0>,<function get_zzfeaturemap at 0x7ffa1d7164c0>,linear,circular,210,pca,0.25
67,0.724,0.7056331919490663,954.7459745407104,<function get_twolocal at 0x7ffa1d716550>,<function get_cobyla at 0x7ff9e52bcaf0>,<function get_zzfeaturemap at 0x7ffa1d7164c0>,linear,pairwise,206,pca,0.05
67,0.736,0.7269819535576342,835.660966873169,<function get_twolocal at 0x7ffa1d716550>,<function get_cobyla at 0x7ff9e52bcaf0>,<function get_zzfeaturemap at 0x7ffa1d7164c0>,linear,pairwise,183,pca,0.1
67,0.716,0.7000511331186585,826.0081787109375,<function get_twolocal at 0x7ffa1d716550>,<function get_cobyla at 0x7ff9e52bcaf0>,<function get_zzfeaturemap at 0x7ffa1d7164c0>,linear,pairwise,213,pca,0.15000000000000002
67,0.644,0.6103952542757538,599.6462454795837,<function get_twolocal at 0x7ffa1d716550>,<function get_cobyla at 0x7ff9e52bcaf0>,<function get_zzfeaturemap at 0x7ffa1d7164c0>,linear,pairwise,168,pca,0.2
67,0.664,0.653815563608621,622.0035605430603,<function get_twolocal at 0x7ffa1d716550>,<function get_cobyla at 0x7ff9e52bcaf0>,<function get_zzfeaturemap at 0x7ffa1d7164c0>,linear,pairwise,198,pca,0.25
68,0.672,0.6915775891341257,912.2678163051605,<function get_twolocal at 0x7ffa1d716550>,<function get_cobyla at 0x7ff9e52bcaf0>,<function get_zzfeaturemap at 0x7ffa1d7164c0>,linear,sca,192,pca,0.05
68,0.7,0.7245642242616677,897.7902250289917,<function get_twolocal at 0x7ffa1d716550>,<function get_cobyla at 0x7ff9e52bcaf0>,<function get_zzfeaturemap at 0x7ffa1d7164c0>,linear,sca,190,pca,0.1
68,0.708,0.7387858709153289,891.6635999679565,<function get_twolocal at 0x7ffa1d716550>,<function get_cobyla at 0x7ff9e52bcaf0>,<function get_zzfeaturemap at 0x7ffa1d7164c0>,linear,sca,188,pca,0.15000000000000002
68,0.688,0.7294496493688639,1141.782811164856,<function get_twolocal at 0x7ffa1d716550>,<function get_cobyla at 0x7ff9e52bcaf0>,<function get_zzfeaturemap at 0x7ffa1d7164c0>,linear,sca,242,pca,0.2
68,0.66,0.6781841456585548,849.8955652713776,<function get_twolocal at 0x7ffa1d716550>,<function get_cobyla at 0x7ff9e52bcaf0>,<function get_zzfeaturemap at 0x7ffa1d7164c0>,linear,sca,180,pca,0.25
69,0.624,0.6195016215422995,1288.1595396995544,<function get_twolocal at 0x7ffa1d716550>,<function get_cobyla at 0x7ff9e52bcaf0>,<function get_zzfeaturemap at 0x7ffa1d7164c0>,circular,full,206,pca,0.05
69,0.624,0.6351373822441051,1509.9845898151398,<function get_twolocal at 0x7ffa1d716550>,<function get_cobyla at 0x7ff9e52bcaf0>,<function get_zzfeaturemap at 0x7ffa1d7164c0>,circular,full,265,pca,0.1
69,0.64,0.6497247290807316,857.926255941391,<function get_twolocal at 0x7ffa1d716550>,<function get_cobyla at 0x7ff9e52bcaf0>,<function get_zzfeaturemap at 0x7ffa1d7164c0>,circular,full,177,pca,0.15000000000000002
69,0.688,0.6891444638048472,945.8928365707397,<function get_twolocal at 0x7ffa1d716550>,<function get_cobyla at 0x7ff9e52bcaf0>,<function get_zzfeaturemap at 0x7ffa1d7164c0>,circular,full,251,pca,0.2
69,0.672,0.699486419651912,671.4892618656158,<function get_twolocal at 0x7ffa1d716550>,<function get_cobyla at 0x7ff9e52bcaf0>,<function get_zzfeaturemap at 0x7ffa1d7164c0>,circular,full,199,pca,0.25
70,0.752,0.7466397341937651,1217.7609722614288,<function get_twolocal at 0x7ffa1d716550>,<function get_cobyla at 0x7ff9e52bcaf0>,<function get_zzfeaturemap at 0x7ffa1d7164c0>,circular,linear,264,pca,0.05
70,0.7,0.7111640494998374,918.7891082763672,<function get_twolocal at 0x7ffa1d716550>,<function get_cobyla at 0x7ff9e52bcaf0>,<function get_zzfeaturemap at 0x7ffa1d7164c0>,circular,linear,198,pca,0.1
70,0.684,0.696541303445413,1083.8996226787567,<function get_twolocal at 0x7ffa1d716550>,<function get_cobyla at 0x7ff9e52bcaf0>,<function get_zzfeaturemap at 0x7ffa1d7164c0>,circular,linear,234,pca,0.15000000000000002
70,0.668,0.6759065220493792,1247.384985923767,<function get_twolocal at 0x7ffa1d716550>,<function get_cobyla at 0x7ff9e52bcaf0>,<function get_zzfeaturemap at 0x7ffa1d7164c0>,circular,linear,270,pca,0.2
70,0.74,0.7468658495938444,1024.8413486480713,<function get_twolocal at 0x7ffa1d716550>,<function get_cobyla at 0x7ff9e52bcaf0>,<function get_zzfeaturemap at 0x7ffa1d7164c0>,circular,linear,220,pca,0.25
71,0.724,0.7265360882335515,1177.0077986717224,<function get_twolocal at 0x7ffa1d716550>,<function get_cobyla at 0x7ff9e52bcaf0>,<function get_zzfeaturemap at 0x7ffa1d7164c0>,circular,circular,262,pca,0.05
71,0.736,0.741858008279061,759.5812397003174,<function get_twolocal at 0x7ffa1d716550>,<function get_cobyla at 0x7ff9e52bcaf0>,<function get_zzfeaturemap at 0x7ffa1d7164c0>,circular,circular,196,pca,0.1
71,0.704,0.7071681582952816,889.1958336830139,<function get_twolocal at 0x7ffa1d716550>,<function get_cobyla at 0x7ff9e52bcaf0>,<function get_zzfeaturemap at 0x7ffa1d7164c0>,circular,circular,240,pca,0.15000000000000002
71,0.656,0.6669545637549743,592.7888805866241,<function get_twolocal at 0x7ffa1d716550>,<function get_cobyla at 0x7ff9e52bcaf0>,<function get_zzfeaturemap at 0x7ffa1d7164c0>,circular,circular,227,pca,0.2
71,0.68,0.6748543134717632,547.2418668270111,<function get_twolocal at 0x7ffa1d716550>,<function get_cobyla at 0x7ff9e52bcaf0>,<function get_zzfeaturemap at 0x7ffa1d7164c0>,circular,circular,215,pca,0.25
72,0.7,0.7100040404040404,1110.0487444400787,<function get_twolocal at 0x7ffa1d716550>,<function get_cobyla at 0x7ff9e52bcaf0>,<function get_zzfeaturemap at 0x7ffa1d7164c0>,circular,pairwise,237,pca,0.05
72,0.708,0.7350576693994815,953.0521998405457,<function get_twolocal at 0x7ffa1d716550>,<function get_cobyla at 0x7ff9e52bcaf0>,<function get_zzfeaturemap at 0x7ffa1d7164c0>,circular,pairwise,200,pca,0.1
72,0.664,0.6739401609143545,1235.92547249794,<function get_twolocal at 0x7ffa1d716550>,<function get_cobyla at 0x7ff9e52bcaf0>,<function get_zzfeaturemap at 0x7ffa1d7164c0>,circular,pairwise,265,pca,0.15000000000000002
72,0.772,0.7722725641181297,864.6178092956543,<function get_twolocal at 0x7ffa1d716550>,<function get_cobyla at 0x7ff9e52bcaf0>,<function get_zzfeaturemap at 0x7ffa1d7164c0>,circular,pairwise,186,pca,0.2
72,0.644,0.6650507936507936,1035.4950532913208,<function get_twolocal at 0x7ffa1d716550>,<function get_cobyla at 0x7ff9e52bcaf0>,<function get_zzfeaturemap at 0x7ffa1d7164c0>,circular,pairwise,221,pca,0.25
73,0.744,0.7649075723536407,999.8365435600281,<function get_twolocal at 0x7ffa1d716550>,<function get_cobyla at 0x7ff9e52bcaf0>,<function get_zzfeaturemap at 0x7ffa1d7164c0>,circular,sca,218,pca,0.05
73,0.68,0.6913331706324995,944.6938664913177,<function get_twolocal at 0x7ffa1d716550>,<function get_cobyla at 0x7ff9e52bcaf0>,<function get_zzfeaturemap at 0x7ffa1d7164c0>,circular,sca,250,pca,0.1
73,0.632,0.6372581865622962,782.5788736343384,<function get_twolocal at 0x7ffa1d716550>,<function get_cobyla at 0x7ff9e52bcaf0>,<function get_zzfeaturemap at 0x7ffa1d7164c0>,circular,sca,242,pca,0.15000000000000002
73,0.656,0.6603083773369488,452.1995849609375,<function get_twolocal at 0x7ffa1d716550>,<function get_cobyla at 0x7ff9e52bcaf0>,<function get_zzfeaturemap at 0x7ffa1d7164c0>,circular,sca,173,pca,0.2
73,0.7,0.7195083699898489,551.496161699295,<function get_twolocal at 0x7ffa1d716550>,<function get_cobyla at 0x7ff9e52bcaf0>,<function get_zzfeaturemap at 0x7ffa1d7164c0>,circular,sca,215,pca,0.25
74,0.628,0.6291148426792809,1368.0263805389404,<function get_twolocal at 0x7ffa1d716550>,<function get_cobyla at 0x7ff9e52bcaf0>,<function get_zzfeaturemap at 0x7ffa1d7164c0>,pairwise,full,213,pca,0.05
74,0.628,0.6361330356349515,1462.6742537021637,<function get_twolocal at 0x7ffa1d716550>,<function get_cobyla at 0x7ff9e52bcaf0>,<function get_zzfeaturemap at 0x7ffa1d7164c0>,pairwise,full,230,pca,0.1
74,0.624,0.6189708837295045,1289.5013670921326,<function get_twolocal at 0x7ffa1d716550>,<function get_cobyla at 0x7ff9e52bcaf0>,<function get_zzfeaturemap at 0x7ffa1d7164c0>,pairwise,full,203,pca,0.15000000000000002
74,0.636,0.6294330400782014,1446.4459109306335,<function get_twolocal at 0x7ffa1d716550>,<function get_cobyla at 0x7ff9e52bcaf0>,<function get_zzfeaturemap at 0x7ffa1d7164c0>,pairwise,full,228,pca,0.2
74,0.632,0.6502175587273268,1061.6129033565521,<function get_twolocal at 0x7ffa1d716550>,<function get_cobyla at 0x7ff9e52bcaf0>,<function get_zzfeaturemap at 0x7ffa1d7164c0>,pairwise,full,195,pca,0.25
75,0.704,0.7240064435564435,805.976644039154,<function get_twolocal at 0x7ffa1d716550>,<function get_cobyla at 0x7ff9e52bcaf0>,<function get_zzfeaturemap at 0x7ffa1d7164c0>,pairwise,linear,236,pca,0.05
75,0.704,0.7087903330523677,486.0529317855835,<function get_twolocal at 0x7ffa1d716550>,<function get_cobyla at 0x7ff9e52bcaf0>,<function get_zzfeaturemap at 0x7ffa1d7164c0>,pairwise,linear,170,pca,0.1
75,0.7,0.7275455401600069,489.4873049259186,<function get_twolocal at 0x7ffa1d716550>,<function get_cobyla at 0x7ff9e52bcaf0>,<function get_zzfeaturemap at 0x7ffa1d7164c0>,pairwise,linear,199,pca,0.15000000000000002
75,0.68,0.6879452463912393,377.94438314437866,<function get_twolocal at 0x7ffa1d716550>,<function get_cobyla at 0x7ff9e52bcaf0>,<function get_zzfeaturemap at 0x7ffa1d7164c0>,pairwise,linear,155,pca,0.2
75,0.752,0.7635890421179601,571.1893196105957,<function get_twolocal at 0x7ffa1d716550>,<function get_cobyla at 0x7ff9e52bcaf0>,<function get_zzfeaturemap at 0x7ffa1d7164c0>,pairwise,linear,239,pca,0.25
76,0.624,0.640717841442627,999.5816543102264,<function get_twolocal at 0x7ffa1d716550>,<function get_cobyla at 0x7ff9e52bcaf0>,<function get_zzfeaturemap at 0x7ffa1d7164c0>,pairwise,circular,212,pca,0.05
76,0.648,0.6621780281989963,960.1026568412781,<function get_twolocal at 0x7ffa1d716550>,<function get_cobyla at 0x7ff9e52bcaf0>,<function get_zzfeaturemap at 0x7ffa1d7164c0>,pairwise,circular,205,pca,0.1
76,0.724,0.7600611785874944,956.3277771472931,<function get_twolocal at 0x7ffa1d716550>,<function get_cobyla at 0x7ff9e52bcaf0>,<function get_zzfeaturemap at 0x7ffa1d7164c0>,pairwise,circular,222,pca,0.15000000000000002
76,0.676,0.7066978952184855,739.3122134208679,<function get_twolocal at 0x7ffa1d716550>,<function get_cobyla at 0x7ff9e52bcaf0>,<function get_zzfeaturemap at 0x7ffa1d7164c0>,pairwise,circular,197,pca,0.2
76,0.712,0.7318372135067899,726.6278309822083,<function get_twolocal at 0x7ffa1d716550>,<function get_cobyla at 0x7ff9e52bcaf0>,<function get_zzfeaturemap at 0x7ffa1d7164c0>,pairwise,circular,201,pca,0.25
77,0.684,0.6869619909502263,705.8524539470673,<function get_twolocal at 0x7ffa1d716550>,<function get_cobyla at 0x7ff9e52bcaf0>,<function get_zzfeaturemap at 0x7ffa1d7164c0>,pairwise,pairwise,278,pca,0.05
77,0.68,0.6931602500752705,460.2850933074951,<function get_twolocal at 0x7ffa1d716550>,<function get_cobyla at 0x7ff9e52bcaf0>,<function get_zzfeaturemap at 0x7ffa1d7164c0>,pairwise,pairwise,187,pca,0.1
77,0.732,0.724013471880412,440.86468529701233,<function get_twolocal at 0x7ffa1d716550>,<function get_cobyla at 0x7ff9e52bcaf0>,<function get_zzfeaturemap at 0x7ffa1d7164c0>,pairwise,pairwise,185,pca,0.15000000000000002
77,0.628,0.6201836821215827,509.9980788230896,<function get_twolocal at 0x7ffa1d716550>,<function get_cobyla at 0x7ff9e52bcaf0>,<function get_zzfeaturemap at 0x7ffa1d7164c0>,pairwise,pairwise,213,pca,0.2
77,0.66,0.6279586180638979,478.1602199077606,<function get_twolocal at 0x7ffa1d716550>,<function get_cobyla at 0x7ff9e52bcaf0>,<function get_zzfeaturemap at 0x7ffa1d7164c0>,pairwise,pairwise,202,pca,0.25
78,0.7,0.7420560301471941,1179.4685628414154,<function get_twolocal at 0x7ffa1d716550>,<function get_cobyla at 0x7ff9e52bcaf0>,<function get_zzfeaturemap at 0x7ffa1d7164c0>,pairwise,sca,250,pca,0.05
78,0.688,0.723350281351705,1005.4555585384369,<function get_twolocal at 0x7ffa1d716550>,<function get_cobyla at 0x7ff9e52bcaf0>,<function get_zzfeaturemap at 0x7ffa1d7164c0>,pairwise,sca,221,pca,0.1
78,0.756,0.7662,683.8506917953491,<function get_twolocal at 0x7ffa1d716550>,<function get_cobyla at 0x7ff9e52bcaf0>,<function get_zzfeaturemap at 0x7ffa1d7164c0>,pairwise,sca,174,pca,0.15000000000000002
78,0.636,0.6594279885760915,854.9927308559418,<function get_twolocal at 0x7ffa1d716550>,<function get_cobyla at 0x7ff9e52bcaf0>,<function get_zzfeaturemap at 0x7ffa1d7164c0>,pairwise,sca,237,pca,0.2
78,0.712,0.7473231222385861,635.0363366603851,<function get_twolocal at 0x7ffa1d716550>,<function get_cobyla at 0x7ff9e52bcaf0>,<function get_zzfeaturemap at 0x7ffa1d7164c0>,pairwise,sca,221,pca,0.25
79,0.66,0.6622657428042735,698.5298557281494,<function get_twolocal at 0x7ffa1d716550>,<function get_cobyla at 0x7ff9e52bcaf0>,<function get_zzfeaturemap at 0x7ffa1d7164c0>,sca,full,203,pca,0.05
79,0.652,0.6498919222646334,563.1319773197174,<function get_twolocal at 0x7ffa1d716550>,<function get_cobyla at 0x7ff9e52bcaf0>,<function get_zzfeaturemap at 0x7ffa1d7164c0>,sca,full,166,pca,0.1
79,0.66,0.6807539249561521,454.2428262233734,<function get_twolocal at 0x7ffa1d716550>,<function get_cobyla at 0x7ff9e52bcaf0>,<function get_zzfeaturemap at 0x7ffa1d7164c0>,sca,full,133,pca,0.15000000000000002
79,0.64,0.6410023230515492,709.48668384552,<function get_twolocal at 0x7ffa1d716550>,<function get_cobyla at 0x7ff9e52bcaf0>,<function get_zzfeaturemap at 0x7ffa1d7164c0>,sca,full,209,pca,0.2
79,0.692,0.6868812343766849,704.3999028205872,<function get_twolocal at 0x7ffa1d716550>,<function get_cobyla at 0x7ff9e52bcaf0>,<function get_zzfeaturemap at 0x7ffa1d7164c0>,sca,full,208,pca,0.25
80,0.688,0.7178447183878349,890.3116960525513,<function get_twolocal at 0x7ffa1d716550>,<function get_cobyla at 0x7ff9e52bcaf0>,<function get_zzfeaturemap at 0x7ffa1d7164c0>,sca,linear,191,pca,0.05
80,0.664,0.6794414199697119,881.1772742271423,<function get_twolocal at 0x7ffa1d716550>,<function get_cobyla at 0x7ff9e52bcaf0>,<function get_zzfeaturemap at 0x7ffa1d7164c0>,sca,linear,194,pca,0.1
80,0.768,0.7915052102369174,809.8029730319977,<function get_twolocal at 0x7ffa1d716550>,<function get_cobyla at 0x7ff9e52bcaf0>,<function get_zzfeaturemap at 0x7ffa1d7164c0>,sca,linear,206,pca,0.15000000000000002
80,0.664,0.6775757020778712,885.0265839099884,<function get_twolocal at 0x7ffa1d716550>,<function get_cobyla at 0x7ff9e52bcaf0>,<function get_zzfeaturemap at 0x7ffa1d7164c0>,sca,linear,246,pca,0.2
80,0.716,0.7298197044334975,585.5281617641449,<function get_twolocal at 0x7ffa1d716550>,<function get_cobyla at 0x7ff9e52bcaf0>,<function get_zzfeaturemap at 0x7ffa1d7164c0>,sca,linear,191,pca,0.25
81,0.7,0.7170964035534825,675.0973513126373,<function get_twolocal at 0x7ffa1d716550>,<function get_cobyla at 0x7ff9e52bcaf0>,<function get_zzfeaturemap at 0x7ffa1d7164c0>,sca,circular,263,pca,0.05
81,0.7,0.7093107329559193,545.147735118866,<function get_twolocal at 0x7ffa1d716550>,<function get_cobyla at 0x7ff9e52bcaf0>,<function get_zzfeaturemap at 0x7ffa1d7164c0>,sca,circular,217,pca,0.1
81,0.688,0.691392972972973,600.9240674972534,<function get_twolocal at 0x7ffa1d716550>,<function get_cobyla at 0x7ff9e52bcaf0>,<function get_zzfeaturemap at 0x7ffa1d7164c0>,sca,circular,242,pca,0.15000000000000002
81,0.66,0.6692226214385639,796.7260460853577,<function get_twolocal at 0x7ffa1d716550>,<function get_cobyla at 0x7ff9e52bcaf0>,<function get_zzfeaturemap at 0x7ffa1d7164c0>,sca,circular,321,pca,0.2
81,0.7,0.7103505916182755,493.1504020690918,<function get_twolocal at 0x7ffa1d716550>,<function get_cobyla at 0x7ff9e52bcaf0>,<function get_zzfeaturemap at 0x7ffa1d7164c0>,sca,circular,200,pca,0.25
82,0.74,0.7319323769426685,1303.9411480426788,<function get_twolocal at 0x7ffa1d716550>,<function get_cobyla at 0x7ff9e52bcaf0>,<function get_zzfeaturemap at 0x7ffa1d7164c0>,sca,pairwise,291,pca,0.05
82,0.724,0.7012981373671029,840.8508007526398,<function get_twolocal at 0x7ffa1d716550>,<function get_cobyla at 0x7ff9e52bcaf0>,<function get_zzfeaturemap at 0x7ffa1d7164c0>,sca,pairwise,225,pca,0.1
82,0.756,0.747271201525747,890.2860789299011,<function get_twolocal at 0x7ffa1d716550>,<function get_cobyla at 0x7ff9e52bcaf0>,<function get_zzfeaturemap at 0x7ffa1d7164c0>,sca,pairwise,253,pca,0.15000000000000002
82,0.668,0.6511376472856704,648.8656721115112,<function get_twolocal at 0x7ffa1d716550>,<function get_cobyla at 0x7ff9e52bcaf0>,<function get_zzfeaturemap at 0x7ffa1d7164c0>,sca,pairwise,254,pca,0.2
82,0.688,0.6781548602621457,612.2989568710327,<function get_twolocal at 0x7ffa1d716550>,<function get_cobyla at 0x7ff9e52bcaf0>,<function get_zzfeaturemap at 0x7ffa1d7164c0>,sca,pairwise,247,pca,0.25
83,0.684,0.7083346214999865,414.09422612190247,<function get_twolocal at 0x7ffa1d716550>,<function get_cobyla at 0x7ff9e52bcaf0>,<function get_zzfeaturemap at 0x7ffa1d7164c0>,sca,sca,164,pca,0.05
83,0.724,0.7363935458620785,503.1930158138275,<function get_twolocal at 0x7ffa1d716550>,<function get_cobyla at 0x7ff9e52bcaf0>,<function get_zzfeaturemap at 0x7ffa1d7164c0>,sca,sca,203,pca,0.1
83,0.696,0.7308839066374405,528.6231672763824,<function get_twolocal at 0x7ffa1d716550>,<function get_cobyla at 0x7ff9e52bcaf0>,<function get_zzfeaturemap at 0x7ffa1d7164c0>,sca,sca,213,pca,0.15000000000000002
83,0.644,0.6716006171017568,528.6305208206177,<function get_twolocal at 0x7ffa1d716550>,<function get_cobyla at 0x7ff9e52bcaf0>,<function get_zzfeaturemap at 0x7ffa1d7164c0>,sca,sca,212,pca,0.2
83,0.708,0.7355904969734759,681.4641518592834,<function get_twolocal at 0x7ffa1d716550>,<function get_cobyla at 0x7ff9e52bcaf0>,<function get_zzfeaturemap at 0x7ffa1d7164c0>,sca,sca,275,pca,0.25
